,country,year,ftri_overall,ftri_ict,ftri_skills,ftri_rd,ftri_indact,ftri_accfin,reg_ict,hittech_exp,semicond_share,serv_va_pop,cluster_nr_
0,Afghanistan,2010,0.26,0.24,0.15,0.0,0.51,0.71,47.3333333333,0.0,0.009782924289626052,274.0282986921042,1
1,Afghanistan,2011,0.26,0.23,0.16,0.0,0.56,0.62,47.3333333333,0.0,0.009782924289626052,301.50796365321037,1
2,Afghanistan,2012,0.25,0.18,0.17,0.04,0.57,0.62,51.3333333333,0.0,0.009782924289626052,329.48286458651194,1
3,Afghanistan,2013,0.19,0.19,0.17,0.06,0.33,0.63,51.3333333333,0.0,0.009782924289626052,335.6349621296838,1
4,Afghanistan,2014,0.1,0.22,0.18,0.05,0.28,0.62,63.6666666667,0.0,0.009782924289626052,331.2220206121591,1
5,Afghanistan,2015,0.09,0.19,0.19,0.0,0.21,0.62,63.6666666667,0.0,0.009782924289626052,301.08270592262346,1
6,Afghanistan,2016,0.22,0.22,0.19,0.08,0.18,0.62,63.6666666667,0.0,0.009782924289626052,308.1497159652285,1
7,Afghanistan,2017,0.18,0.28,0.19,0.09,0.29,0.62,63.6666666667,0.0,0.009782924289626052,306.50152544962185,1
8,Afghanistan,2018,0.21,0.29,0.2,0.07,0.22,0.61,66.3333333333,0.0,0.009782924289626052,292.23471707924324,1
9,Afghanistan,2019,0.18,0.27,0.22,0.12,0.17,0.59,66.3333333333,0.0,0.02305251666969073,275.4793474574429,1
10,Afghanistan,2020,0.15,0.22,0.22,0.12,0.22,0.59,66.3333333333,0.0,0.02305251666969073,268.53153216601333,1
11,Afghanistan,2021,0.13,0.14,0.22,0.15,0.27,0.58,66.3333333333,0.0,0.02305251666969073,168.1251203741734,1
12,Afghanistan,2022,0.12,0.01,0.22,0.18,0.29,0.58,66.3333333333,0.0,0.02305251666969073,160.9458235128893,1
13,Afghanistan,2023,0.11,0.03,0.21,0.18,0.24,0.59,66.3333333333,0.0,0.02305251666969073,191.87761645364932,1
14,Albania,2010,0.46,0.45,0.41,0.11,0.57,0.82,60.6666666667,1.4645172043822,0.037294464939436514,1714.1438086447508,1
15,Albania,2011,0.52,0.64,0.43,0.11,0.56,0.82,60.6666666667,1.01687291597312,0.03337667874675071,1886.271758193536,1
16,Albania,2012,0.51,0.6,0.45,0.11,0.57,0.83,63.6666666667,0.922637018907313,0.024747029118446312,1862.4595118102372,1
17,Albania,2013,0.5,0.64,0.47,0.14,0.4,0.83,63.6666666667,0.890238022251303,0.023791153180113246,1936.5954266198646,1
18,Albania,2014,0.4,0.56,0.49,0.13,0.39,0.82,74.0,0.257234804303144,0.011698893469192251,2044.8319171645276,1
19,Albania,2015,0.42,0.61,0.51,0.12,0.36,0.82,76.0,1.63419036731371,0.02441394889025325,1800.672708045823,1
20,Albania,2016,0.52,0.6,0.48,0.14,0.35,0.83,76.0,0.784313365143227,0.028202326548986092,1936.7607588061471,1
21,Albania,2017,0.44,0.68,0.48,0.11,0.36,0.82,82.0,0.0884579218158484,0.0200659602341355,2230.9407448896022,1
22,Albania,2018,0.49,0.69,0.49,0.17,0.36,0.81,82.0,0.0447019828200661,0.016650330826466806,2618.383346149859,1
23,Albania,2019,0.48,0.72,0.51,0.14,0.36,0.81,83.0,0.128427412960995,0.017782647072681856,2758.7670946778862,1
24,Albania,2020,0.48,0.72,0.5,0.16,0.38,0.81,88.0,0.285854495639881,0.029554255207122005,2756.043416628326,1
25,Albania,2021,0.46,0.72,0.49,0.16,0.38,0.81,88.0,0.419509988977299,0.021350857131409558,3279.2946254645785,1
26,Albania,2022,0.44,0.64,0.47,0.18,0.39,0.8,88.0,0.0596409977568037,0.0036187672494784836,3591.405654361018,1
27,Albania,2023,0.45,0.7,0.46,0.19,0.38,0.8,88.0,0.682326849473647,0.05312113279182502,4638.217920357981,1
28,Algeria,2010,0.39,0.34,0.47,0.25,0.29,0.73,45.5,1.16790041818633,0.021897028616607098,2142.092699698283,1
29,Algeria,2011,0.39,0.34,0.47,0.26,0.25,0.71,49.5,0.541468263097855,0.02107694881628368,2641.7112602033567,1
30,Algeria,2012,0.39,0.31,0.48,0.26,0.24,0.72,49.5,0.343094841041672,0.015918384007133475,2709.80184278662,1
31,Algeria,2013,0.38,0.42,0.47,0.27,0.0,0.74,49.5,0.569890657847322,0.020613365077599064,2798.0567855093896,1
32,Algeria,2014,0.31,0.44,0.47,0.28,0.0,0.75,49.5,0.328391631416688,0.023516997545527992,2919.5779341135326,1
33,Algeria,2015,0.33,0.45,0.46,0.28,0.0,0.76,58.5,0.233281066486999,0.0327213438048021,2441.401648461575,1
34,Algeria,2016,0.45,0.51,0.46,0.29,0.02,0.78,58.5,0.489614088330072,0.03514373059939876,2318.4263735881723,1
35,Algeria,2017,0.36,0.48,0.47,0.29,0.1,0.78,58.5,0.960396672710236,0.0282882578782866,2332.998154122764,1
36,Algeria,2018,0.42,0.48,0.49,0.29,0.15,0.78,60.5,0.960396672710236,0.0282882578782866,2262.3385713111543,1
37,Algeria,2019,0.42,0.51,0.53,0.29,0.15,0.78,65.0,0.960396672710236,0.0282882578782866,2255.6783869878714,1
38,Algeria,2020,0.41,0.5,0.51,0.29,0.2,0.79,65.0,0.960396672710236,0.0282882578782866,1976.7469566835077,1
39,Algeria,2021,0.38,0.5,0.52,0.3,0.14,0.77,65.5,0.960396672710236,0.0282882578782866,2017.3702365890504,1
40,Algeria,2022,0.41,0.54,0.51,0.31,0.19,0.75,66.0,0.960396672710236,0.0282882578782866,2120.3461502204887,1
41,Algeria,2023,0.4,0.53,0.51,0.31,0.2,0.76,66.0,0.960396672710236,0.0282882578782866,2446.127761909868,1
42,Angola,2010,0.24,0.27,0.16,0.0,0.36,0.78,60.6666666667,12.6044858942473,0.016898146691973905,1657.3032223314535,1
43,Angola,2011,0.25,0.22,0.18,0.04,0.32,0.78,60.6666666667,12.6044858942473,0.016898146691973905,1961.0517043951916,1
44,Angola,2012,0.26,0.22,0.21,0.06,0.35,0.78,62.6666666667,12.6044858942473,0.016898146691973905,2175.6509085375355,1
45,Angola,2013,0.2,0.29,0.22,0.03,0.03,0.78,62.6666666667,12.6044858942473,0.016898146691973905,2303.952946700036,1
46,Angola,2014,0.14,0.35,0.23,0.05,0.05,0.78,60.6666666667,12.6044858942473,0.016898146691973905,2488.870103976058,1
47,Angola,2015,0.17,0.32,0.25,0.05,0.15,0.78,62.6666666667,12.6044858942473,0.016898146691973905,1749.5568916791185,1
48,Angola,2016,0.31,0.33,0.26,0.08,0.14,0.77,62.6666666667,12.9883050935056,0.013219765654635474,958.6722734606503,1
49,Angola,2017,0.22,0.37,0.28,0.09,0.18,0.75,62.6666666667,19.3839506955365,0.013915041600096392,1301.0051512853897,1
50,Angola,2018,0.26,0.41,0.29,0.09,0.08,0.74,62.6666666667,23.3127754550372,0.011862001697071729,1257.2245693947166,1
51,Angola,2019,0.24,0.38,0.31,0.1,0.11,0.73,64.6666666667,27.4965016903098,0.010426637232168646,1093.7953867155952,1
52,Angola,2020,0.26,0.47,0.3,0.09,0.13,0.72,74.6666666667,23.3946213847164,0.013264025413622337,798.0292020901564,1
53,Angola,2021,0.25,0.44,0.3,0.1,0.22,0.69,75.1666666667,16.1269540436105,0.011452094320424036,982.4147443273597,1
54,Angola,2022,0.24,0.4,0.28,0.16,0.18,0.67,75.6666666667,22.0635039995781,0.00903715979980479,1611.789155021176,1
55,Angola,2023,0.26,0.41,0.28,0.17,0.27,0.68,75.6666666667,23.4714139423334,0.010525611844144264,1219.095808819375,1
56,Argentina,2010,0.64,0.58,0.63,0.44,0.68,0.71,74.5,7.68411002023335,0.026636676802773075,5283.473107801399,1
57,Argentina,2011,0.65,0.59,0.64,0.42,0.68,0.72,76.5,7.32173060164583,0.025327683540922227,6582.330593381461,1
58,Argentina,2012,0.66,0.56,0.64,0.42,0.69,0.74,77.5,6.63636695569979,0.025920521828882864,6948.574678828504,1
59,Argentina,2013,0.67,0.7,0.63,0.44,0.57,0.74,77.5,7.45820744914312,0.026656137945692427,6989.896482856801,1
60,Argentina,2014,0.62,0.66,0.62,0.45,0.57,0.73,77.5,7.06113490427245,0.025877645348389357,6476.293134691462,1
61,Argentina,2015,0.61,0.66,0.61,0.43,0.55,0.73,80.5,9.22572828013488,0.029307416992598038,7635.270025977866,1
62,Argentina,2016,0.65,0.66,0.61,0.44,0.52,0.74,80.5,8.9823994804111,0.027939481381861826,7127.502803195231,1
63,Argentina,2017,0.59,0.56,0.63,0.43,0.57,0.75,80.5,9.20544177021613,0.027797775071896107,8334.380183819041,1
64,Argentina,2018,0.62,0.66,0.66,0.42,0.46,0.75,80.5,5.40298410146417,0.026848510450991268,6625.023949277573,1
65,Argentina,2019,0.6,0.64,0.71,0.43,0.47,0.72,84.5,5.21279058881723,0.025677317808722597,5519.474653511109,1
66,Argentina,2020,0.62,0.69,0.7,0.43,0.52,0.72,84.5,6.90388925607922,0.02348691918688535,4682.447794462246,1
67,Argentina,2021,0.6,0.67,0.72,0.45,0.48,0.7,85.5,4.42289139264312,0.023234355293502186,5673.327819855019,1
68,Argentina,2022,0.62,0.72,0.7,0.44,0.48,0.7,86.5,4.75157524338594,0.0238941962383098,7474.537420341006,1
69,Argentina,2023,0.63,0.78,0.69,0.43,0.46,0.72,86.5,5.44959440578319,0.028342246386200618,7587.170301709101,1
70,Armenia,2010,0.43,0.4,0.37,0.16,0.55,0.8,64.8333333333,2.32444864074289,0.04237469649036562,1604.7472573054993,1
71,Armenia,2011,0.48,0.41,0.37,0.21,0.61,0.81,68.8333333333,3.37333605951397,0.02650102344029836,1604.7472573054993,1
72,Armenia,2012,0.45,0.39,0.37,0.1,0.63,0.83,68.8333333333,2.85090173545628,0.026004049006819883,1604.7472573054993,1
73,Armenia,2013,0.43,0.43,0.37,0.25,0.38,0.84,76.0,3.02784829241324,0.024224299194667735,1683.6674187326405,1
74,Armenia,2014,0.38,0.56,0.37,0.16,0.4,0.85,79.0,3.02163379158599,0.02510994374292928,1826.4063954215576,1
75,Armenia,2015,0.44,0.66,0.39,0.21,0.34,0.84,79.0,5.65181437686726,0.02390273520256785,1693.4186671926013,1
76,Armenia,2016,0.51,0.66,0.37,0.19,0.32,0.86,81.0,6.13769143045383,0.021816844098647422,1759.0583564451993,1
77,Armenia,2017,0.43,0.65,0.39,0.17,0.38,0.86,82.0,7.56330477959628,0.028468636437709798,1964.1351264087534,1
78,Armenia,2018,0.47,0.66,0.41,0.13,0.36,0.87,85.0,7.10147421496599,0.031076529305040942,2207.783121452509,1
79,Armenia,2019,0.47,0.66,0.44,0.17,0.37,0.87,87.0,9.79110110537429,0.028880561525386678,2481.2708589044623,1
80,Armenia,2020,0.5,0.73,0.46,0.17,0.4,0.88,87.5,7.14063667161287,0.030524987448405098,2272.6970723342934,1
81,Armenia,2021,0.48,0.72,0.47,0.2,0.38,0.86,87.5,5.95671993684786,0.036454440148021225,2486.8171668501063,1
82,Armenia,2022,0.5,0.7,0.46,0.15,0.56,0.85,87.5,21.8475283435373,0.03501506996643367,3655.0826107710495,1
83,Armenia,2023,0.5,0.72,0.46,0.18,0.57,0.86,87.5,20.9051560207484,0.03200336279907915,4923.603794517458,1
84,Australia,2010,0.88,0.66,1.0,0.69,0.65,0.94,87.5,16.5133012608061,0.028054268911733442,34381.796635589184,2
85,Australia,2011,0.92,0.78,1.0,0.7,0.64,0.93,87.5,17.9516177655559,0.026253346912487235,40585.85148666205,2
86,Australia,2012,0.94,0.78,1.0,0.7,0.67,0.93,92.5,17.2855553325245,0.026253106433925404,44502.7103903646,2
87,Australia,2013,0.95,0.83,1.0,0.7,0.54,0.93,92.5,18.0075143774834,0.02546555891052502,45332.25711374275,2
88,Australia,2014,0.9,0.76,1.0,0.69,0.56,0.94,90.5,18.9961304703814,0.026097216444794603,41227.329455699226,2
89,Australia,2015,0.9,0.77,1.0,0.69,0.52,0.95,90.5,19.6921472541598,0.029197987908209905,38270.77758782608,2
90,Australia,2016,0.93,0.75,1.0,0.7,0.5,0.96,90.5,20.6275044745549,0.028997075223744742,34135.150237058864,2
91,Australia,2017,0.88,0.79,1.0,0.69,0.51,0.96,90.5,18.0967924595604,0.028239113299801763,36221.94726365932,2
92,Australia,2018,0.9,0.83,1.0,0.69,0.51,0.96,90.5,18.1371018191307,0.02944028137375227,38230.58911338199,2
93,Australia,2019,0.88,0.86,1.0,0.69,0.53,0.95,92.5,21.2199332352628,0.028354629934273904,36454.79163919188,2
94,Australia,2020,0.88,0.84,1.0,0.68,0.53,0.94,94.5,21.4757898705835,0.030487535642060585,34441.48150547533,2
95,Australia,2021,0.88,0.84,1.0,0.68,0.54,0.94,94.5,22.3940766008599,0.028440435596555663,39934.52024043803,2
96,Australia,2022,0.89,0.83,1.0,0.68,0.53,0.94,94.5,25.8318704116272,0.026488745252999886,41293.21698403968,2
97,Australia,2023,0.87,0.82,1.0,0.69,0.49,0.94,94.5,25.2582777120781,0.02786544254820037,41400.92785756275,2
98,Austria,2010,0.85,0.82,0.7,0.63,0.78,0.92,88.5,13.7053738878044,0.06566240619677022,28729.64660811758,2
99,Austria,2011,0.86,0.82,0.7,0.65,0.78,0.91,88.5,13.2554242490317,0.06326580092723191,31519.042771598244,2
100,Austria,2012,0.88,0.78,0.7,0.66,0.81,0.91,89.5,14.5446789024689,0.06212179957820933,29603.53429096757,2
101,Austria,2013,0.87,0.83,0.7,0.64,0.75,0.91,89.5,15.3690648693427,0.06381564153292396,30981.17612653731,2
102,Austria,2014,0.83,0.76,0.7,0.63,0.78,0.9,90.5,15.4904490132481,0.06374741965200287,31733.995890720442,2
103,Austria,2015,0.82,0.76,0.69,0.62,0.74,0.9,90.5,15.0327319949068,0.06705704637404312,27299.095217221726,2
104,Austria,2016,0.83,0.75,0.68,0.62,0.71,0.91,90.5,14.4532591877111,0.0696444920781238,27831.943084885337,2
105,Austria,2017,0.82,0.87,0.69,0.61,0.72,0.91,90.5,12.8851997037889,0.06963586288002012,29173.58275368244,2
106,Austria,2018,0.83,0.87,0.72,0.6,0.72,0.91,89.5,11.6500759838374,0.07072609034178641,31864.744666130537,2
107,Austria,2019,0.83,0.86,0.77,0.61,0.72,0.9,89.5,11.4825348767666,0.06977749090206956,31209.380592510184,2
108,Austria,2020,0.81,0.84,0.75,0.6,0.72,0.9,90.5,12.2718957660446,0.07124640513723701,30599.92774529128,2
109,Austria,2021,0.8,0.82,0.76,0.6,0.74,0.9,91.5,11.017122140568,0.07013580244678298,33424.87873977124,2
110,Austria,2022,0.81,0.82,0.75,0.6,0.72,0.9,92.5,14.9141702472602,0.07078645380781334,32676.93166300816,2
111,Austria,2023,0.81,0.83,0.74,0.61,0.72,0.9,92.5,15.9232697881169,0.07457088222483654,35407.44629942209,2
112,Azerbaijan,2010,0.43,0.45,0.45,0.14,0.39,0.81,39.1666666667,1.368551660922,0.008267743727276655,1648.8218912626355,1
113,Azerbaijan,2011,0.5,0.52,0.45,0.22,0.45,0.81,39.1666666667,1.73182118665393,0.011226291505653054,1992.5027669989868,1
114,Azerbaijan,2012,0.48,0.55,0.44,0.11,0.52,0.81,39.1666666667,8.55945903006787,0.011917694440163367,2212.95192422126,1
115,Azerbaijan,2013,0.49,0.62,0.43,0.24,0.3,0.81,40.1666666667,13.7739672073665,0.011864141404319146,2480.147694346976,1
116,Azerbaijan,2014,0.38,0.59,0.43,0.15,0.26,0.81,51.1666666667,7.72948174405788,0.01185104931861126,2697.6348321088376,1
117,Azerbaijan,2015,0.37,0.59,0.43,0.16,0.2,0.81,53.1666666667,3.89922506760974,0.02090233045815385,2235.9779965737243,1
118,Azerbaijan,2016,0.45,0.59,0.43,0.13,0.12,0.82,54.8333333333,2.8122107826307,0.01999331928466302,1525.9889178347667,1
119,Azerbaijan,2017,0.37,0.66,0.43,0.15,0.15,0.78,55.8333333333,3.30108229906783,0.016227053289759083,1581.043452970809,1
120,Azerbaijan,2018,0.43,0.64,0.45,0.21,0.15,0.78,57.5,4.34552506108911,0.016770500028098278,1672.3498910307994,1
121,Azerbaijan,2019,0.43,0.65,0.49,0.21,0.18,0.78,59.5,4.95159340426308,0.02006889516127325,1776.8089043493285,1
122,Azerbaijan,2020,0.44,0.66,0.47,0.23,0.24,0.78,59.5,7.06727951722298,0.02376479376434001,1791.5463529712067,1
123,Azerbaijan,2021,0.4,0.64,0.44,0.24,0.24,0.77,64.5,2.09710423147129,0.018417590885691365,2038.8965529246432,1
124,Azerbaijan,2022,0.38,0.6,0.43,0.21,0.21,0.75,69.5,3.9129441620027,0.012282785754518999,2492.142966400779,1
125,Azerbaijan,2023,0.4,0.61,0.43,0.25,0.24,0.78,69.5,4.17224487630151,0.017095022797961153,2836.4308774962433,1
126,"Bahamas, The",2010,0.44,0.48,0.53,0.04,0.35,0.88,63.8333333333,0.001796118940577,0.02711664077633573,22291.1303533817,1
127,"Bahamas, The",2011,0.51,0.61,0.52,0.07,0.39,0.88,68.8333333333,0.0,0.024613896394964942,21635.38491750711,1
128,"Bahamas, The",2012,0.46,0.58,0.51,0.0,0.38,0.87,68.8333333333,0.0,0.03425507353656672,21968.258364871668,1
129,"Bahamas, The",2013,0.44,0.62,0.51,0.08,0.09,0.88,69.8333333333,0.0,0.02968240681655411,21848.883634645987,1
130,"Bahamas, The",2014,0.37,0.6,0.51,0.03,0.23,0.87,70.8333333333,0.0,0.029170806805282418,22841.866815939396,1
131,"Bahamas, The",2015,0.33,0.6,0.5,0.0,0.05,0.87,76.8333333333,0.0,0.03172464859527244,23603.981876028298,1
132,"Bahamas, The",2016,0.48,0.6,0.5,0.06,0.17,0.87,80.8333333333,2.10443665797755,0.03679237641494839,23418.58757134942,1
133,"Bahamas, The",2017,0.44,0.81,0.5,0.03,0.17,0.86,86.8333333333,7.8029534837207,0.032583862269973785,23893.875565002498,2
134,"Bahamas, The",2018,0.49,0.8,0.53,0.15,0.07,0.86,86.8333333333,1.96644185119308,0.027224437752195987,24527.076749924247,2
135,"Bahamas, The",2019,0.48,0.81,0.56,0.11,0.09,0.85,86.8333333333,1.20544876600952,0.0269344202600119,25018.05282827643,2
136,"Bahamas, The",2020,0.48,0.88,0.55,0.03,0.1,0.86,86.8333333333,3.044762602524,0.035186895896567996,20017.78393029912,1
137,"Bahamas, The",2021,0.47,0.83,0.56,0.14,0.1,0.85,87.16666666665,0.261199965818234,0.03356479661772499,23437.015134734203,2
138,"Bahamas, The",2022,0.48,0.82,0.54,0.08,0.27,0.84,87.5,0.0,0.030509036810080662,28074.045751601105,2
139,"Bahamas, The",2023,0.49,0.83,0.53,0.15,0.29,0.83,87.5,0.0138247645369376,0.03183755868015576,30034.298017224115,2
140,Bahrain,2010,0.52,0.47,0.46,0.12,0.63,0.88,84.5,0.11026045503336,0.026933866053685047,11953.854662055051,1
141,Bahrain,2011,0.56,0.59,0.46,0.14,0.61,0.88,84.5,0.152292185757832,0.016661925842226026,12668.30929919449,1
142,Bahrain,2012,0.64,0.6,0.46,0.13,0.83,0.88,84.5,0.386615906965764,0.018257239879654736,13865.74909539217,1
143,Bahrain,2013,0.62,0.65,0.47,0.15,0.75,0.88,84.5,0.592038996188625,0.01602104899577525,14070.612455417411,1
144,Bahrain,2014,0.56,0.67,0.48,0.15,0.63,0.87,86.5,1.49913895991035,0.013623515433288626,14210.157435498211,1
145,Bahrain,2015,0.57,0.67,0.47,0.16,0.68,0.89,86.5,0.935614309270697,0.015870167759761286,14172.72495698865,1
146,Bahrain,2016,0.64,0.7,0.52,0.15,0.6,0.9,86.5,1.05834005006869,0.020510603578686143,14449.088204606434,2
147,Bahrain,2017,0.54,0.71,0.53,0.16,0.49,0.9,86.5,0.624948582667465,0.02963704954281855,14580.038975824655,1
148,Bahrain,2018,0.59,0.75,0.55,0.18,0.45,0.9,86.5,0.449030020826873,0.027979410505810726,15059.180814026695,1
149,Bahrain,2019,0.59,0.77,0.59,0.19,0.47,0.89,86.5,4.44849833564378,0.02797676307521995,15374.366479824379,2
150,Bahrain,2020,0.59,0.77,0.58,0.21,0.51,0.88,86.5,8.97366105587992,0.03368272835811384,14075.780403236235,2
151,Bahrain,2021,0.58,0.76,0.6,0.23,0.5,0.88,86.5,0.59059004344565,0.017149318102517016,14354.151405226392,1
152,Bahrain,2022,0.59,0.74,0.57,0.25,0.51,0.88,86.5,0.569959196315979,0.0136357298585516,15004.03199410734,1
153,Bahrain,2023,0.6,0.82,0.57,0.25,0.51,0.89,86.5,0.387343644517371,0.016458478441359687,15214.74331165822,1
154,Bangladesh,2010,0.34,0.23,0.14,0.21,0.53,0.83,37.8333333333,0.213025597821188,0.013329069108089543,405.18822128442537,1
155,Bangladesh,2011,0.37,0.22,0.15,0.22,0.55,0.83,37.8333333333,0.19506469565516,0.01315868360648427,444.17201497867234,1
156,Bangladesh,2012,0.36,0.17,0.16,0.26,0.55,0.84,56.5,0.463362848345637,0.012461688373286338,456.93376429621406,1
157,Bangladesh,2013,0.31,0.21,0.17,0.25,0.35,0.83,56.5,0.299089378482049,0.012240228594120337,511.61834872296674,1
158,Bangladesh,2014,0.3,0.28,0.18,0.35,0.39,0.84,58.5,0.30347824180698346,0.012507493701622532,587.0229478154686,1
159,Bangladesh,2015,0.31,0.25,0.19,0.41,0.33,0.84,60.5,0.307867105131918,0.012774758809124726,657.664894409422,1
160,Bangladesh,2016,0.42,0.29,0.2,0.38,0.32,0.84,60.5,0.242933626284075,0.016624271400788274,844.5620198830705,1
161,Bangladesh,2017,0.35,0.37,0.22,0.37,0.36,0.84,60.5,0.426450633403232,0.019288113623021682,930.6046850039048,1
162,Bangladesh,2018,0.42,0.42,0.23,0.4,0.32,0.84,63.5,0.539452073551698,0.025758168803055523,1000.1156914523998,1
163,Bangladesh,2019,0.41,0.45,0.27,0.41,0.32,0.83,62.5,0.539452073551698,0.025758168803055523,1082.9876276640016,1
164,Bangladesh,2020,0.37,0.45,0.27,0.39,0.28,0.82,64.5,0.539452073551698,0.025758168803055523,1158.4124860307782,1
165,Bangladesh,2021,0.34,0.38,0.29,0.39,0.29,0.82,64.5,0.539452073551698,0.025758168803055523,1273.7390434665024,1
166,Bangladesh,2022,0.36,0.35,0.28,0.43,0.3,0.82,64.5,0.539452073551698,0.025758168803055523,1386.4423337910994,1
167,Bangladesh,2023,0.37,0.39,0.28,0.43,0.34,0.82,64.5,0.539452073551698,0.025758168803055523,1303.8739654830297,1
168,Barbados,2010,0.63,0.61,0.66,0.18,0.64,0.9,63.8333333333,13.6921297160453,0.037062307182944815,15744.451266698881,1
169,Barbados,2011,0.6,0.61,0.64,0.04,0.62,0.9,63.8333333333,13.6921297160453,0.037062307182944815,15566.254676087043,1
170,Barbados,2012,0.66,0.64,0.63,0.23,0.68,0.9,63.8333333333,13.6921297160453,0.037062307182944815,15639.6016436892,2
171,Barbados,2013,0.62,0.78,0.63,0.1,0.52,0.9,66.8333333333,13.6921297160453,0.037062307182944815,15417.679577908631,1
172,Barbados,2014,0.59,0.72,0.63,0.21,0.56,0.9,67.8333333333,13.6921297160453,0.037062307182944815,15237.939557676003,1
173,Barbados,2015,0.56,0.64,0.62,0.2,0.55,0.9,67.8333333333,13.6921297160453,0.037062307182944815,15265.242481809384,1
174,Barbados,2016,0.64,0.77,0.61,0.18,0.46,0.91,67.8333333333,13.6921297160453,0.037062307182944815,15227.04025064557,2
175,Barbados,2017,0.58,0.74,0.61,0.2,0.48,0.91,67.8333333333,13.6921297160453,0.037062307182944815,14901.256732495513,1
176,Barbados,2018,0.63,0.83,0.66,0.23,0.44,0.9,67.8333333333,13.6921297160453,0.037062307182944815,15848.14987656344,2
177,Barbados,2019,0.64,0.8,0.71,0.27,0.44,0.89,68.1666666667,13.6921297160453,0.037062307182944815,16305.248446873655,2
178,Barbados,2020,0.63,0.87,0.67,0.23,0.43,0.9,68.1666666667,20.3038221331687,0.04127282163298515,14121.506009982322,2
179,Barbados,2021,0.6,0.82,0.68,0.2,0.45,0.89,68.6666666667,17.1559663528192,0.043575228557630206,15780.603727843996,2
180,Barbados,2022,0.61,0.76,0.66,0.28,0.5,0.88,69.1666666667,17.0117393061682,0.04062134441857537,18461.628376511595,2
181,Barbados,2023,0.62,0.83,0.65,0.29,0.46,0.88,69.1666666667,18.4336134860133,0.03865904041737315,19315.815198911936,2
182,Belarus,2010,0.62,0.55,0.7,0.29,0.6,0.84,12.8333333333,3.05811242066529,0.034973200632791766,2623.5162170405206,1
183,Belarus,2011,0.61,0.56,0.69,0.22,0.58,0.82,14.8333333333,2.56526353011436,0.026083942739126835,2881.1783211267325,1
184,Belarus,2012,0.62,0.54,0.69,0.28,0.66,0.77,14.8333333333,2.83746780265434,0.028057375884654977,3010.236747297233,1
185,Belarus,2013,0.6,0.59,0.68,0.25,0.53,0.78,21.8333333333,4.60453619126972,0.033260399814746176,3632.8709318983447,1
186,Belarus,2014,0.54,0.62,0.67,0.21,0.55,0.78,21.8333333333,4.16956289134921,0.02966372650887692,3807.996305466605,1
187,Belarus,2015,0.56,0.65,0.66,0.23,0.5,0.8,21.8333333333,4.47973558121156,0.032441957314306664,2848.773833904516,1
188,Belarus,2016,0.63,0.66,0.64,0.27,0.49,0.8,22.3333333333,4.87527975282095,0.03746073820267386,2445.450145427435,1
189,Belarus,2017,0.61,0.75,0.65,0.28,0.54,0.8,22.3333333333,4.60498280955259,0.036791629343940827,2755.870185673247,1
190,Belarus,2018,0.64,0.78,0.67,0.29,0.53,0.8,36.5,4.28389065938672,0.03534771215037004,3040.7626015695773,1
191,Belarus,2019,0.63,0.81,0.7,0.22,0.56,0.8,41.5,4.49711309551307,0.038439205411121516,3311.3075084349616,1
192,Belarus,2020,0.63,0.78,0.66,0.28,0.58,0.81,41.5,5.09812592249613,0.04180571074206955,3206.7775582467584,1
193,Belarus,2021,0.61,0.75,0.66,0.28,0.6,0.79,42.0,6.01576846359853,0.03667688762461899,3647.2317393300787,1
194,Belarus,2022,0.62,0.76,0.64,0.28,0.61,0.79,42.5,6.01576846359853,0.03667688762461899,3853.624129957128,1
195,Belarus,2023,0.61,0.76,0.63,0.28,0.6,0.8,42.5,6.01576846359853,0.03667688762461899,3854.0552776896,1
196,Belgium,2010,0.87,0.73,0.88,0.65,0.78,0.86,92.5,9.26523010448885,0.03354757370424802,30017.453722085345,2
197,Belgium,2011,0.88,0.74,0.87,0.65,0.77,0.86,92.5,8.67483840621061,0.031005797821870396,32529.133019390098,2
198,Belgium,2012,0.93,0.9,0.86,0.64,0.78,0.86,93.5,8.9420007987591,0.028786585603501787,30816.88660646234,2
199,Belgium,2013,0.95,0.95,0.86,0.63,0.73,0.86,95.0,10.6406117548271,0.02728753873576592,32312.270195048088,2
200,Belgium,2014,0.91,0.86,0.86,0.62,0.76,0.86,95.0,11.9393517315379,0.027470151838090467,33255.53951328074,2
201,Belgium,2015,0.93,0.9,0.88,0.62,0.73,0.87,95.0,12.3351739681226,0.030447335246924015,28391.42362780512,2
202,Belgium,2016,0.92,0.88,0.87,0.62,0.75,0.88,95.0,13.3312451633933,0.028651103116578463,29125.696704989896,2
203,Belgium,2017,0.92,0.93,0.88,0.62,0.76,0.88,95.0,11.4917903557909,0.02823233552742383,30568.45009827046,2
204,Belgium,2018,0.93,0.95,0.93,0.6,0.75,0.89,95.0,11.7058640594516,0.027360574919416042,33087.51849934034,2
205,Belgium,2019,0.92,0.93,0.97,0.6,0.77,0.88,95.0,14.1440138847213,0.03442323098402384,32484.55843657714,2
206,Belgium,2020,0.91,0.93,0.94,0.6,0.78,0.89,96.0,15.2618615789713,0.037942317573953575,32290.25668606982,2
207,Belgium,2021,0.9,0.9,0.94,0.59,0.79,0.88,96.0,21.3799638763737,0.03458653367446144,36547.54067409844,2
208,Belgium,2022,0.9,0.89,0.9,0.6,0.78,0.88,96.0,22.8179135173265,0.032511364407863085,35156.18107215701,2
209,Belgium,2023,0.9,0.89,0.89,0.61,0.78,0.88,96.0,18.6668227645892,0.04260767517883141,38845.93758429462,2
210,Belize,2010,0.41,0.41,0.4,0.06,0.48,0.85,45.666666667,0.0,0.01977058480558013,3364.887195740761,1
211,Belize,2011,0.41,0.41,0.38,0.0,0.49,0.84,45.666666667,0.008498722490321,0.01409135193556362,3408.978056694511,1
212,Belize,2012,0.41,0.37,0.38,0.06,0.5,0.84,45.666666667,0.0,0.016830558226372746,3543.1214004198387,1
213,Belize,2013,0.37,0.4,0.39,0.06,0.32,0.84,45.666666667,0.0,0.016960406470845735,3703.5969053968215,1
214,Belize,2014,0.29,0.42,0.37,0.03,0.41,0.84,45.6666666667,0.0,0.019562019257535583,3793.707924097867,1
215,Belize,2015,0.25,0.41,0.37,0.0,0.18,0.84,45.6666666667,0.0,0.02686996584601645,3825.9514274569015,1
216,Belize,2016,0.4,0.42,0.36,0.03,0.23,0.85,47.0,0.0,0.02730244502844093,3798.1482293908775,1
217,Belize,2017,0.38,0.64,0.37,0.08,0.32,0.85,47.0,8.17033581469156e-05,0.029328863147563604,3798.161585414869,1
218,Belize,2018,0.41,0.61,0.4,0.03,0.31,0.85,47.0,0.0665460206063414,0.029819214266074187,3835.4335316364477,1
219,Belize,2019,0.4,0.66,0.42,0.0,0.28,0.84,49.0,0.0,0.02945758764072093,3954.146007687343,1
220,Belize,2020,0.41,0.7,0.4,0.07,0.24,0.86,52.0,0.938240933761362,0.02897585156704815,3218.1775380489853,1
221,Belize,2021,0.41,0.7,0.41,0.06,0.37,0.84,54.0,0.191639909392131,0.03209857403422564,3753.228943760655,1
222,Belize,2022,0.41,0.69,0.4,0.05,0.37,0.83,56.0,0.0001815544521316,0.031436723942455176,4354.406145014191,1
223,Belize,2023,0.37,0.71,0.38,0.05,0.23,0.83,56.0,0.0,0.0373517522067165,4613.064757021303,1
224,Benin,2010,0.3,0.22,0.2,0.15,0.52,0.74,42.0,1.27585565497432,0.010429081647425729,433.5553979138134,1
225,Benin,2011,0.33,0.27,0.21,0.14,0.49,0.74,47.0,1.27585565497432,0.010429081647425729,497.70442638624905,1
226,Benin,2012,0.31,0.22,0.22,0.1,0.5,0.74,47.0,1.27585565497432,0.010429081647425729,523.6774055232145,1
227,Benin,2013,0.26,0.24,0.24,0.12,0.28,0.75,49.0,1.27585565497432,0.010429081647425729,577.6926142050423,1
228,Benin,2014,0.23,0.25,0.25,0.13,0.51,0.75,55.0,4.13534388145926,0.007489684967234704,596.5214732756261,1
229,Benin,2015,0.22,0.28,0.25,0.15,0.32,0.75,61.0,1.62543807696831,0.01360763273248245,493.60004165897095,1
230,Benin,2016,0.32,0.31,0.25,0.15,0.2,0.76,61.0,1.24487830227425,0.01005904108394197,487.109671105945,1
231,Benin,2017,0.22,0.28,0.25,0.12,0.3,0.76,63.0,4.67071840547035,0.00983954467202917,510.61778560094285,1
232,Benin,2018,0.3,0.32,0.24,0.15,0.34,0.76,67.0,2.84228678612343,0.006407455603640474,562.0505015642258,1
233,Benin,2019,0.25,0.26,0.24,0.17,0.27,0.75,67.0,1.48291431982405,0.006528394079115631,543.097551045602,1
234,Benin,2020,0.22,0.28,0.22,0.15,0.31,0.74,69.0,1.84364942977986,0.013675202828029276,574.8610331686614,1
235,Benin,2021,0.18,0.32,0.2,0.17,0.18,0.73,69.5,2.69844689930495,0.01562863458726911,605.0629240026349,1
236,Benin,2022,0.2,0.28,0.19,0.17,0.26,0.74,70.0,4.28715620621521,0.013768255883079315,593.8772522211954,1
237,Benin,2023,0.21,0.37,0.19,0.18,0.2,0.76,70.0,4.41801513975982,0.01924367148757132,665.3327088301226,1
238,Bhutan,2010,0.33,0.35,0.32,0.06,0.34,0.83,52.5,0.137310610162976,0.030409636811028307,1047.4285833288504,1
239,Bhutan,2011,0.37,0.4,0.35,0.06,0.34,0.84,52.5,8.75610659565705e-05,0.026274817699938082,1247.7029710425654,1
240,Bhutan,2012,0.33,0.36,0.34,0.04,0.32,0.84,52.5,0.0230326501174942,0.03167955636243895,1166.3164884203734,1
241,Bhutan,2013,0.35,0.54,0.35,0.06,0.09,0.84,52.5,0.11567288291445335,0.033008432375575714,1137.8285896230027,1
242,Bhutan,2014,0.28,0.54,0.36,0.07,0.12,0.83,52.5,0.2083131157114125,0.034337308388712476,1226.427927813952,1
243,Bhutan,2015,0.28,0.56,0.35,0.08,0.05,0.84,52.5,0.3009533485083717,0.03566618440184924,1292.2404035943914,1
244,Bhutan,2016,0.39,0.57,0.34,0.07,0.01,0.85,60.6666666667,0.39359358130533084,0.036995060414986,1368.1513149856391,1
245,Bhutan,2017,0.32,0.66,0.35,0.05,0.07,0.86,60.6666666667,0.48623381410229,0.05869935378106911,1485.395150228466,1
246,Bhutan,2018,0.37,0.67,0.37,0.06,0.04,0.87,63.6666666667,0.0945189011247493,0.05077739864360267,1550.9839807263093,1
247,Bhutan,2019,0.37,0.68,0.4,0.07,0.02,0.87,63.6666666667,0.0586540724500387,0.037970221125561414,1775.110985362371,1
248,Bhutan,2020,0.36,0.64,0.4,0.09,0.04,0.87,66.6666666667,0.0818080898528299,0.023779746696704615,1595.2484748315987,1
249,Bhutan,2021,0.41,0.63,0.41,0.11,0.21,0.87,66.6666666667,0.047013041919674904,0.03691061409222231,1791.7035937058995,1
250,Bhutan,2022,0.43,0.65,0.39,0.13,0.21,0.87,66.6666666667,0.0122179939865199,0.05004148148773999,1900.0808000725433,1
251,Bhutan,2023,0.35,0.69,0.42,0.11,0.0,0.88,66.6666666667,0.0107261524845822,0.04275781910130544,2022.5865428028765,1
252,Bolivia,2010,0.44,0.39,0.45,0.09,0.51,0.82,34.5,8.39643426654084,0.01580726341011414,840.4677191288363,1
253,Bolivia,2011,0.44,0.41,0.44,0.1,0.45,0.82,38.5,13.2668526999964,0.01786351149367413,949.6691571120585,1
254,Bolivia,2012,0.45,0.44,0.43,0.08,0.51,0.83,38.5,9.22349652906557,0.015127080636566361,1041.6620004262536,1
255,Bolivia,2013,0.41,0.46,0.44,0.1,0.27,0.83,40.5,9.36490977549173,0.016240972088184317,1154.0876946848655,1
256,Bolivia,2014,0.34,0.42,0.46,0.16,0.31,0.84,40.5,8.0579025832244,0.017522985038954015,1261.1417008934925,1
257,Bolivia,2015,0.32,0.39,0.41,0.17,0.23,0.86,41.5,6.40259447870096,0.022773153706992136,1377.4588826190713,1
258,Bolivia,2016,0.44,0.47,0.39,0.13,0.19,0.87,41.5,4.45996657268455,0.02567324418452444,1511.9358018695764,1
259,Bolivia,2017,0.33,0.44,0.42,0.1,0.25,0.87,41.5,5.87150676063352,0.025532692145218253,2085.357068428908,1
260,Bolivia,2018,0.4,0.51,0.45,0.13,0.16,0.88,41.5,5.04855572806383,0.022667470302361277,2201.49906605026,1
261,Bolivia,2019,0.39,0.49,0.48,0.15,0.18,0.88,68.5,3.45205028026195,0.02713273696764776,2242.1811347054327,1
262,Bolivia,2020,0.41,0.59,0.46,0.12,0.23,0.89,68.5,4.32521785105525,0.023547273915267647,1997.38780717046,1
263,Bolivia,2021,0.39,0.59,0.47,0.14,0.18,0.88,71.5,4.54888314317125,0.020818939866583713,2108.0452055727064,1
264,Bolivia,2022,0.38,0.6,0.45,0.15,0.11,0.88,74.5,5.51769748718287,0.016885203345281128,2230.3382433516867,1
265,Bolivia,2023,0.39,0.62,0.44,0.16,0.19,0.89,74.5,8.16517022638076,0.019059809087318046,2299.6990432793955,1
266,Bosnia and Herzegovina,2010,0.51,0.58,0.45,0.11,0.56,0.87,78.0,2.83311798083614,0.03608422363123335,2501.485638770816,1
267,Bosnia and Herzegovina,2011,0.54,0.57,0.47,0.15,0.57,0.87,78.0,3.27170336846286,0.03157393801386765,2781.0769990249605,1
268,Bosnia and Herzegovina,2012,0.53,0.59,0.46,0.12,0.59,0.87,80.0,2.61783206345175,0.03130658324179564,2665.422500917304,1
269,Bosnia and Herzegovina,2013,0.52,0.64,0.45,0.17,0.44,0.87,81.0,2.40453152014227,0.03113374286222601,2827.267638614413,1
270,Bosnia and Herzegovina,2014,0.45,0.6,0.47,0.17,0.49,0.87,83.0,2.49515315112739,0.0354327219649971,2956.1844570508433,1
271,Bosnia and Herzegovina,2015,0.46,0.6,0.47,0.19,0.43,0.87,83.0,2.96381994739358,0.03670064439353606,2560.9248634587148,1
272,Bosnia and Herzegovina,2016,0.54,0.6,0.45,0.19,0.39,0.87,83.0,2.73442380884611,0.038332447369532736,2670.049737021468,1
273,Bosnia and Herzegovina,2017,0.5,0.73,0.45,0.2,0.44,0.87,83.0,5.44354933849204,0.03905610993372785,2910.3666804993986,1
274,Bosnia and Herzegovina,2018,0.53,0.74,0.46,0.2,0.44,0.87,88.0,5.25474301922066,0.041927978534431,3249.6784449743727,1
275,Bosnia and Herzegovina,2019,0.53,0.72,0.5,0.21,0.45,0.87,88.0,5.26613568987605,0.044459363382485524,3341.0269380112527,1
276,Bosnia and Herzegovina,2020,0.52,0.74,0.46,0.22,0.49,0.86,89.0,4.61445247367362,0.04707948994523854,3350.5929167248146,1
277,Bosnia and Herzegovina,2021,0.52,0.76,0.49,0.23,0.48,0.85,89.0,5.31622200242201,0.047832176296321985,3929.384229365834,1
278,Bosnia and Herzegovina,2022,0.47,0.59,0.47,0.22,0.48,0.84,89.0,5.22474917760104,0.04631558093842562,4172.427896347388,1
279,Bosnia and Herzegovina,2023,0.51,0.77,0.46,0.23,0.46,0.85,89.0,4.96705366555243,0.056536306377901795,4843.592962905465,1
280,Botswana,2010,0.38,0.28,0.36,0.11,0.54,0.79,64.0,0.399203014010107,0.014561463162547975,3402.2740602664344,1
281,Botswana,2011,0.4,0.29,0.36,0.09,0.55,0.79,66.0,0.399203014010107,0.014561463162547975,3768.1544879196445,1
282,Botswana,2012,0.42,0.36,0.35,0.15,0.55,0.81,69.0,0.399203014010107,0.014561463162547975,3665.8878865114193,1
283,Botswana,2013,0.38,0.45,0.35,0.1,0.34,0.81,69.0,0.399203014010107,0.014561463162547975,3675.0550035829656,1
284,Botswana,2014,0.33,0.46,0.34,0.13,0.39,0.81,69.0,0.257049739471429,0.017870531797608225,3777.292024295558,1
285,Botswana,2015,0.33,0.44,0.34,0.14,0.35,0.82,71.0,0.697217599549073,0.02529061478429832,3492.8655448978407,1
286,Botswana,2016,0.42,0.45,0.34,0.13,0.28,0.82,72.0,0.424915581396886,0.02573984128245828,3652.9213506956894,1
287,Botswana,2017,0.35,0.45,0.34,0.18,0.37,0.82,72.0,0.957704009113018,0.026646841871203607,4047.5604114435487,1
288,Botswana,2018,0.42,0.53,0.36,0.18,0.36,0.83,72.0,0.61107528423043,0.028020596818804352,4328.935596280493,1
289,Botswana,2019,0.4,0.56,0.39,0.18,0.27,0.82,73.0,0.36524715857455,0.030368184886668214,4390.963247463105,1
290,Botswana,2020,0.42,0.56,0.37,0.18,0.4,0.82,73.0,0.405712803492277,0.027571830293869146,4168.149022778425,1
291,Botswana,2021,0.39,0.55,0.36,0.19,0.38,0.81,75.5,0.330785941453264,0.023248394422014342,4704.22307288882,1
292,Botswana,2022,0.41,0.6,0.36,0.2,0.38,0.8,78.0,0.502381294093243,0.025873574877878436,4699.74572218967,1
293,Botswana,2023,0.39,0.57,0.37,0.2,0.36,0.8,78.0,0.539469030954736,0.03442191771022493,4632.711137929656,1
294,Brazil,2010,0.7,0.51,0.49,0.68,0.74,0.86,86.8333333333,12.590146869358,0.04061765219217038,6569.765115198466,2
295,Brazil,2011,0.72,0.58,0.49,0.69,0.72,0.86,86.8333333333,11.1409081379377,0.0364785647154185,7712.192520833502,2
296,Brazil,2012,0.73,0.54,0.48,0.66,0.75,0.87,87.5,11.8872212915256,0.037137159916008126,7354.459510559105,2
297,Brazil,2013,0.71,0.58,0.47,0.68,0.64,0.87,87.5,11.9698618012495,0.03926540253754163,7435.311014411001,2
298,Brazil,2014,0.69,0.56,0.52,0.68,0.68,0.88,89.5,12.3711688680768,0.03864184044263425,7518.5534844110125,2
299,Brazil,2015,0.7,0.56,0.52,0.67,0.66,0.88,89.5,14.4858996246715,0.038032775097952894,5567.9528779486245,2
300,Brazil,2016,0.76,0.65,0.51,0.67,0.65,0.88,89.5,16.0001642772964,0.038665377043898004,5584.858985169452,2
301,Brazil,2017,0.67,0.57,0.52,0.67,0.65,0.88,89.5,14.3118892236086,0.040968882791603614,6384.859904076211,2
302,Brazil,2018,0.71,0.62,0.54,0.67,0.63,0.88,89.5,14.7442418256611,0.03996105024969089,5827.175551732648,2
303,Brazil,2019,0.72,0.68,0.58,0.67,0.63,0.87,92.0,14.0668052120423,0.04080230992008714,5694.921491804562,2
304,Brazil,2020,0.72,0.78,0.56,0.66,0.6,0.88,93.0,11.3500942678804,0.0413661532521074,4346.982229960689,2
305,Brazil,2021,0.72,0.78,0.58,0.66,0.59,0.87,94.0,9.00155420026002,0.04201483706266342,4537.4405900654,2
306,Brazil,2022,0.74,0.8,0.56,0.66,0.6,0.88,95.0,9.11134627987528,0.04009999896572278,5391.269242759095,2
307,Brazil,2023,0.74,0.83,0.55,0.65,0.6,0.88,95.0,9.849149349554,0.04051459112606087,6141.347194566662,2
308,Brunei Darussalam,2010,0.54,0.59,0.59,0.08,0.58,0.82,30.0,27.0264370402679,0.009263670616502778,11355.768937088256,1
309,Brunei Darussalam,2011,0.55,0.6,0.6,0.11,0.55,0.79,30.0,20.8704888884346,0.013911136187928079,12689.098826845833,1
310,Brunei Darussalam,2012,0.54,0.56,0.61,0.13,0.54,0.8,32.0,13.7928355717921,0.009845306699031572,13282.89055828616,1
311,Brunei Darussalam,2013,0.52,0.61,0.64,0.12,0.34,0.81,32.0,16.2873491919089,0.015422713395470784,13749.144243923181,1
312,Brunei Darussalam,2014,0.49,0.58,0.65,0.15,0.54,0.81,47.0,8.5604591412129,0.010968662067260705,13471.47876902709,1
313,Brunei Darussalam,2015,0.49,0.58,0.65,0.17,0.41,0.83,47.0,19.0919306854245,0.01834886749899011,12075.621060714215,1
314,Brunei Darussalam,2016,0.59,0.61,0.63,0.19,0.38,0.85,51.0,13.5766744202278,0.017195180812494004,11458.82987890117,1
315,Brunei Darussalam,2017,0.53,0.73,0.63,0.2,0.35,0.84,53.0,29.8494711484063,0.018428816433488034,11448.261761622216,1
316,Brunei Darussalam,2018,0.55,0.73,0.65,0.19,0.33,0.83,58.0,0.04242971199202,0.017787467249110782,11570.210591546836,1
317,Brunei Darussalam,2019,0.53,0.73,0.63,0.2,0.33,0.82,60.0,8.09397013891129,0.01335517670098429,11616.134927264706,1
318,Brunei Darussalam,2020,0.5,0.75,0.62,0.2,0.18,0.82,64.0,1.33895704916391,0.014760168009772118,11122.937043668519,1
319,Brunei Darussalam,2021,0.49,0.75,0.59,0.21,0.27,0.81,68.25,1.36091758514108,0.006925097943516092,11667.500313413568,1
320,Brunei Darussalam,2022,0.49,0.72,0.55,0.23,0.31,0.8,72.5,1.04425960383175,0.0058037164592323635,11913.095132768847,1
321,Brunei Darussalam,2023,0.49,0.77,0.55,0.24,0.28,0.82,72.5,1.01925056768477,0.006823788408867747,12774.232123957738,1
322,Bulgaria,2010,0.69,0.75,0.56,0.39,0.7,0.88,87.1666666667,8.40425157698357,0.06008113759600518,4078.1381361044996,2
323,Bulgaria,2011,0.73,0.83,0.57,0.4,0.71,0.87,87.6666666667,7.8156879376439,0.06031374278786651,4520.61320518737,2
324,Bulgaria,2012,0.73,0.79,0.57,0.39,0.73,0.88,89.6666666667,8.04755392750563,0.06937683777425363,4249.732639499757,2
325,Bulgaria,2013,0.71,0.83,0.56,0.39,0.63,0.88,89.6666666667,8.29440219336705,0.06201301265646429,4536.499320999413,2
326,Bulgaria,2014,0.67,0.76,0.58,0.4,0.67,0.87,91.6666666667,7.57800086773203,0.06542247739445893,4739.120551058687,2
327,Bulgaria,2015,0.69,0.78,0.59,0.4,0.66,0.86,91.6666666667,8.45026671335107,0.07445542382765212,4235.820864949697,2
328,Bulgaria,2016,0.71,0.76,0.58,0.41,0.62,0.87,94.0,8.98610305298707,0.07881461330673421,4505.21703663712,2
329,Bulgaria,2017,0.69,0.83,0.58,0.44,0.63,0.86,94.0,9.63608854549453,0.0765694870565022,5040.4851168832865,2
330,Bulgaria,2018,0.71,0.83,0.58,0.44,0.64,0.86,94.0,10.3728902592084,0.08367158348301294,6002.958538089881,2
331,Bulgaria,2019,0.69,0.8,0.61,0.43,0.66,0.85,94.0,10.8523101760506,0.08399922630639231,6367.191822019606,2
332,Bulgaria,2020,0.7,0.84,0.58,0.46,0.7,0.85,94.0,11.3032725784223,0.08673255926909915,6619.292081541382,2
333,Bulgaria,2021,0.69,0.83,0.58,0.45,0.7,0.84,94.0,10.9244735738213,0.08621090214549727,8094.555754017203,2
334,Bulgaria,2022,0.66,0.71,0.56,0.45,0.68,0.83,94.0,10.3826775418569,0.08124192341700542,8384.650247856127,2
335,Bulgaria,2023,0.66,0.75,0.55,0.46,0.69,0.84,94.0,12.0578944173221,0.09594216787170765,9897.490556924351,2
336,Burkina Faso,2010,0.23,0.2,0.0,0.13,0.49,0.74,70.3333333333,16.5832281418902,0.019223452032298808,263.236524655269,1
337,Burkina Faso,2011,0.27,0.18,0.02,0.12,0.58,0.73,70.3333333333,10.7872169710505,0.015971331368828324,294.08894631062424,1
338,Burkina Faso,2012,0.29,0.14,0.03,0.16,0.63,0.75,76.666666667,8.62483762166537,0.016829464467175596,294.92013633255783,1
339,Burkina Faso,2013,0.21,0.18,0.04,0.14,0.34,0.77,76.666666667,14.0169615252893,0.01649102258426262,315.7489623221594,1
340,Burkina Faso,2014,0.15,0.2,0.04,0.12,0.48,0.78,76.666666667,11.0587712923066,0.018635457678229595,325.03507537811186,1
341,Burkina Faso,2015,0.13,0.16,0.04,0.16,0.28,0.79,78.6666666667,4.96027740230027,0.014760968062036,277.61927090491236,1
342,Burkina Faso,2016,0.24,0.16,0.05,0.15,0.2,0.8,78.6666666667,5.94496725526008,0.025640182379859672,290.7578299290266,1
343,Burkina Faso,2017,0.13,0.09,0.06,0.16,0.27,0.8,81.0,5.75853107563762,0.0401246907462393,311.7732501291926,1
344,Burkina Faso,2018,0.21,0.14,0.08,0.16,0.24,0.8,83.0,5.88092859304184,0.02136671906204765,338.5925948802028,1
345,Burkina Faso,2019,0.2,0.12,0.11,0.17,0.33,0.8,84.0,25.7871512116805,0.024487001419439946,346.6027492815898,1
346,Burkina Faso,2020,0.19,0.3,0.1,0.17,0.18,0.79,84.0,3.40123479951733,0.019092848168242842,370.9722410582717,1
347,Burkina Faso,2021,0.2,0.34,0.1,0.17,0.23,0.79,84.0,2.25653916783306,0.017759297094080466,406.20644360542144,1
348,Burkina Faso,2022,0.22,0.31,0.09,0.17,0.31,0.8,84.0,1.5289989764953,0.01778250443956599,385.6991511143995,1
349,Burkina Faso,2023,0.22,0.4,0.07,0.18,0.27,0.81,84.0,3.79784659837351,0.020818388451294065,415.56224555091785,1
350,Burundi,2010,0.22,0.12,0.16,0.04,0.46,0.75,17.3333333337,0.308296619366683,0.022379602751775536,87.97852968303644,1
351,Burundi,2011,0.23,0.08,0.18,0.0,0.45,0.77,41.0,0.308296619366683,0.022379602751775536,96.0625896196467,1
352,Burundi,2012,0.2,0.02,0.19,0.0,0.45,0.77,50.0,0.308296619366683,0.022379602751775536,97.26013325645376,1
353,Burundi,2013,0.12,0.01,0.19,0.0,0.11,0.76,50.0,0.308296619366683,0.022379602751775536,91.08770182508322,1
354,Burundi,2014,0.05,0.0,0.19,0.03,0.18,0.76,50.0,1.45729832506366,0.03088008371273747,106.15633206570594,1
355,Burundi,2015,0.09,0.0,0.19,0.03,0.32,0.75,50.0,3.49266770916697,0.013117021184209808,110.48791750120479,1
356,Burundi,2016,0.17,0.0,0.18,0.0,0.18,0.76,57.6666666667,3.1959825567903,0.022456467586820465,93.76007550647181,1
357,Burundi,2017,0.08,0.09,0.18,0.0,0.13,0.75,57.6666666667,1.66362151202897,0.01926982119816413,97.38521227525432,1
358,Burundi,2018,0.17,0.13,0.16,0.0,0.27,0.76,59.6666666667,25.9363254766862,0.017887615475006842,100.55188517532102,1
359,Burundi,2019,0.16,0.16,0.17,0.07,0.15,0.77,60.6666666667,0.470990947883211,0.019596872757449743,98.38669338284238,1
360,Burundi,2020,0.14,0.18,0.16,0.08,0.13,0.78,60.6666666667,0.120495501588776,0.028239357673962295,120.69636556077356,1
361,Burundi,2021,0.09,0.08,0.16,0.05,0.13,0.81,60.6666666667,0.250001784207837,0.02174137963394497,115.58048565104372,1
362,Burundi,2022,0.11,0.02,0.15,0.08,0.2,0.83,60.6666666667,1.11792409166671,0.020028485379168917,131.74516504982358,1
363,Burundi,2023,0.08,0.0,0.15,0.03,0.19,0.85,60.6666666667,1.30508367041098,0.03288651077417472,109.35432134720605,1
364,Cabo Verde,2010,0.38,0.41,0.33,0.0,0.44,0.86,69.0,0.0,0.07082320821820946,2413.952427061893,1
365,Cabo Verde,2011,0.41,0.48,0.34,0.0,0.45,0.87,69.0,0.601739056773956,0.04005776313634652,2691.4171892510662,1
366,Cabo Verde,2012,0.4,0.44,0.35,0.0,0.46,0.86,69.0,0.0,0.03358276574519626,2565.9905872237405,1
367,Cabo Verde,2013,0.4,0.61,0.35,0.07,0.19,0.86,70.0,0.0014768463948573,0.03194646294617553,2695.098691752082,1
368,Cabo Verde,2014,0.36,0.58,0.37,0.07,0.37,0.86,72.0,0.0029536927897146,0.030310160147154805,2692.27303476431,1
369,Cabo Verde,2015,0.35,0.7,0.37,0.09,0.07,0.86,74.0,0.0022393720663647435,0.028673857348134074,2293.2997147303836,1
370,Cabo Verde,2016,0.5,0.7,0.36,0.05,0.46,0.87,76.0,0.0015250513430148868,0.02703755454911335,2500.466264597096,1
371,Cabo Verde,2017,0.35,0.57,0.35,0.03,0.35,0.87,76.0,0.0008107306196650302,0.02540125175009262,2709.871057446582,1
372,Cabo Verde,2018,0.37,0.62,0.35,0.03,0.19,0.87,76.0,9.64098963151736e-05,0.023764948951071892,2896.0546499938064,1
373,Cabo Verde,2019,0.36,0.61,0.37,0.0,0.25,0.86,76.0,1.3232793350624,0.022128646152051165,3058.9128167335207,1
374,Cabo Verde,2020,0.39,0.65,0.35,0.07,0.31,0.88,76.0,0.760204522523159,0.028163848920794977,2335.302636062264,1
375,Cabo Verde,2021,0.34,0.61,0.34,0.0,0.31,0.87,75.0,2.03802142478556,0.030170190210284466,2722.014937691876,1
376,Cabo Verde,2022,0.34,0.58,0.33,0.06,0.26,0.86,74.0,3.47654000154602,0.01734023627326471,2983.3219982980563,1
377,Cabo Verde,2023,0.3,0.58,0.33,0.05,0.16,0.86,74.0,1.15215005835922,0.018230621856250358,3303.0645798373826,1
378,Cambodia,2010,0.25,0.14,0.21,0.08,0.39,0.79,38.0,0.15340939623565,0.007711923251212613,378.25082827282927,1
379,Cambodia,2011,0.28,0.18,0.22,0.08,0.38,0.79,46.0,0.114782587225893,0.008275421619486065,425.60260912315186,1
380,Cambodia,2012,0.31,0.23,0.21,0.12,0.46,0.83,52.5,0.259104011781428,0.007324649218804925,469.9682421583785,1
381,Cambodia,2013,0.32,0.39,0.21,0.09,0.39,0.85,63.5,1.21285515161475,0.02408667814994327,527.567039431369,1
382,Cambodia,2014,0.28,0.45,0.21,0.09,0.46,0.87,65.5,0.50562837571876,0.019132171426376108,596.7998966103901,1
383,Cambodia,2015,0.27,0.37,0.21,0.12,0.41,0.89,66.5,1.53516035451456,0.01870555447979134,653.0666407355294,1
384,Cambodia,2016,0.43,0.57,0.21,0.09,0.36,0.91,66.5,1.8586809100055,0.029780408425379996,699.6224985744035,1
385,Cambodia,2017,0.33,0.53,0.22,0.11,0.39,0.91,66.5,1.74238685693004,0.03086482210387833,756.4449772916909,1
386,Cambodia,2018,0.39,0.54,0.23,0.14,0.37,0.92,66.5,1.40927888070578,0.029670810132627727,819.1553062425489,1
387,Cambodia,2019,0.39,0.6,0.26,0.11,0.35,0.93,68.5,1.19402155927369,0.03578983838216584,871.1576394205518,1
388,Cambodia,2020,0.39,0.57,0.27,0.13,0.37,0.94,69.0,2.28307484240574,0.04475437901373823,814.868376756892,1
389,Cambodia,2021,0.39,0.56,0.26,0.15,0.43,0.96,70.5,2.98063279368018,0.03966053275622064,790.818792624776,1
390,Cambodia,2022,0.39,0.53,0.24,0.16,0.47,0.96,72.0,6.56222598236463,0.06056787973547885,845.9734178247832,1
391,Cambodia,2023,0.39,0.55,0.24,0.19,0.49,0.97,72.0,12.9853431148883,0.09327106351167956,878.3979085885692,1
392,Cameroon,2010,0.32,0.25,0.23,0.13,0.56,0.7,58.0,3.20435302185327,0.017099227141476124,708.1427608601526,1
393,Cameroon,2011,0.36,0.23,0.24,0.14,0.6,0.71,58.0,3.20435302185327,0.017099227141476124,783.7831686082959,1
394,Cameroon,2012,0.34,0.21,0.25,0.14,0.56,0.72,58.0,3.20435302185327,0.017099227141476124,735.5870419828819,1
395,Cameroon,2013,0.31,0.26,0.27,0.15,0.39,0.73,58.0,3.20435302185327,0.017099227141476124,792.9666498474562,1
396,Cameroon,2014,0.25,0.32,0.28,0.17,0.37,0.73,58.0,6.84155124571043,0.016415730631168093,831.778346415402,1
397,Cameroon,2015,0.25,0.3,0.28,0.17,0.32,0.74,64.0,4.85732535277837,0.01746718298233759,701.278600025273,1
398,Cameroon,2016,0.4,0.45,0.29,0.18,0.34,0.74,64.0,5.61841773540935,0.02521071149507115,727.5851417584496,1
399,Cameroon,2017,0.29,0.34,0.29,0.18,0.37,0.74,67.0,6.01740401782352,0.023687187936076916,753.4708930047913,1
400,Cameroon,2018,0.36,0.4,0.32,0.19,0.35,0.74,67.0,7.02536411453841,0.024930022278670767,812.5391430743974,1
401,Cameroon,2019,0.33,0.38,0.35,0.2,0.29,0.73,73.6666666667,5.11907584621214,0.0206370764955323,793.5835118831557,1
402,Cameroon,2020,0.34,0.46,0.35,0.19,0.35,0.73,73.6666666667,3.08382242415572,0.020094829249547027,805.2103581596011,1
403,Cameroon,2021,0.3,0.4,0.37,0.21,0.29,0.72,73.6666666667,2.15123166966613,0.017356372080474594,851.9046832477949,1
404,Cameroon,2022,0.31,0.36,0.36,0.22,0.37,0.73,73.6666666667,3.28864706003967,0.013848600549825592,792.8831692877164,1
405,Cameroon,2023,0.3,0.31,0.36,0.24,0.36,0.73,73.6666666667,2.10363029161033,0.02036761781892981,875.2811181460677,1
406,Canada,2010,0.88,0.69,0.73,0.75,0.82,0.94,83.0,15.5005412945327,0.03556991575601464,31263.25231557451,2
407,Canada,2011,0.89,0.7,0.72,0.75,0.82,0.94,87.0,14.7126429740351,0.03393937551696719,33840.12371139025,2
408,Canada,2012,0.92,0.74,0.71,0.75,0.82,0.93,87.5,15.6186928492244,0.03569044701509871,34321.70374014239,2
409,Canada,2013,0.92,0.79,0.72,0.75,0.76,0.93,87.5,15.4941329115402,0.0362597457120208,34302.91510799068,2
410,Canada,2014,0.88,0.73,0.72,0.74,0.77,0.93,87.5,14.6664530922053,0.03339295491776017,33074.60509880492,2
411,Canada,2015,0.9,0.82,0.71,0.73,0.75,0.94,87.5,14.8286795335378,0.03461083074698599,29208.545019105994,2
412,Canada,2016,0.9,0.8,0.71,0.73,0.72,0.95,87.5,14.0996116936098,0.03591825040679926,28756.151035320647,2
413,Canada,2017,0.89,0.9,0.72,0.72,0.72,0.94,87.5,14.3488055729531,0.03491806862399453,30289.504505945333,2
414,Canada,2018,0.9,0.89,0.75,0.71,0.72,0.95,87.5,15.4222842964733,0.03427372018364301,31118.813929921864,2
415,Canada,2019,0.9,0.91,0.8,0.72,0.72,0.94,87.5,17.1309209127166,0.03544814785124904,31367.525992947885,2
416,Canada,2020,0.89,0.91,0.77,0.71,0.75,0.93,87.5,16.7587089775244,0.036056583168406924,30284.825224389053,2
417,Canada,2021,0.89,0.9,0.78,0.71,0.74,0.93,87.5,16.33762888714,0.034161940523094056,35110.5596387427,2
418,Canada,2022,0.9,0.91,0.76,0.72,0.72,0.93,87.5,15.1489765380468,0.03601701614402921,35110.5596387427,2
419,Canada,2023,0.89,0.93,0.75,0.72,0.71,0.94,87.5,16.3717954388263,0.03662672684455034,35110.5596387427,2
420,Central African Republic,2010,0.25,0.24,0.14,0.04,0.4,0.75,42.0,22.6292713819246,0.018944995454545456,139.86409103492792,1
421,Central African Republic,2011,0.25,0.22,0.15,0.0,0.43,0.74,42.0,0.0325346246358526,0.017905734,152.58035720400258,1
422,Central African Republic,2012,0.23,0.17,0.15,0.0,0.41,0.75,46.0,1.41330699942136,0.01301998872002689,168.06099638492313,1
423,Central African Republic,2013,0.19,0.2,0.16,0.07,0.15,0.76,50.5,0.289135277016258,0.010723813661803222,148.86503455500312,1
424,Central African Republic,2014,0.17,0.28,0.16,0.09,0.38,0.76,50.5,2.778781584242434,0.0074975514355275896,175.17095754895115,1
425,Central African Republic,2015,0.14,0.29,0.16,0.0,0.22,0.77,50.5,5.26842789146861,0.1278688949402772,158.36739056603,1
426,Central African Republic,2016,0.29,0.38,0.16,0.05,0.16,0.78,50.5,11.77186175421,0.07509727089137208,165.56075402905427,1
427,Central African Republic,2017,0.2,0.4,0.15,0.03,0.22,0.78,50.5,22.0763616198396,0.022325646842466972,185.65670556595344,1
428,Central African Republic,2018,0.26,0.36,0.15,0.1,0.25,0.78,51.5,29.0193180633593,0.01967246961407045,195.79400238354143,1
429,Central African Republic,2019,0.21,0.35,0.18,0.07,0.11,0.78,53.5,95.6179350728442,0.03829798407147277,180.27347914535778,3
430,Central African Republic,2020,0.21,0.4,0.18,0.09,0.13,0.77,53.5,0.67083835551212,0.03328385617844093,180.53553064924677,1
431,Central African Republic,2021,0.18,0.39,0.16,0.11,0.12,0.77,53.5,7.66912447024762,0.04456031715085526,209.03816525779033,1
432,Central African Republic,2022,0.17,0.38,0.15,0.08,0.11,0.77,53.5,37.2974046773952,0.05583677812326959,198.28969733105808,1
433,Central African Republic,2023,0.21,0.43,0.15,0.11,0.24,0.78,53.5,1.87856696826495,0.06357042351078566,200.92488247955282,1
434,Chile,2010,0.66,0.75,0.54,0.43,0.52,0.92,71.0,6.23958186648753,0.0161213659649385,6798.098943708406,1
435,Chile,2011,0.69,0.76,0.54,0.47,0.52,0.92,71.0,5.1208381746501,0.01600318992956379,7876.761278521395,1
436,Chile,2012,0.66,0.55,0.55,0.49,0.55,0.92,71.0,5.4362793557559,0.01710618904092506,8580.921305655838,1
437,Chile,2013,0.67,0.72,0.55,0.48,0.4,0.92,77.0,6.69462231509352,0.018690168081431206,8974.281050073878,1
438,Chile,2014,0.63,0.68,0.58,0.49,0.44,0.92,78.0,7.09179365119211,0.017884803928575235,8304.128101970171,1
439,Chile,2015,0.66,0.75,0.58,0.48,0.4,0.93,80.0,6.72253052606446,0.022410786154059777,7837.981753704268,1
440,Chile,2016,0.72,0.75,0.58,0.48,0.38,0.94,80.0,8.42437955941115,0.02358594107224417,8051.042591806001,2
441,Chile,2017,0.6,0.62,0.58,0.48,0.38,0.94,80.0,7.1060964752424,0.019120631935600006,8671.53565263695,1
442,Chile,2018,0.66,0.72,0.62,0.47,0.35,0.94,80.0,6.91141099413123,0.01855084004206342,9082.697568707688,1
443,Chile,2019,0.65,0.69,0.67,0.48,0.36,0.94,81.0,7.63288202076965,0.01995146225230608,8535.538311425551,1
444,Chile,2020,0.69,0.78,0.65,0.47,0.49,0.93,81.0,15.9750583433893,0.020078455988853616,7389.49222956736,2
445,Chile,2021,0.66,0.72,0.67,0.49,0.43,0.92,82.0,12.4417748590856,0.02201181587634216,8913.453922607774,2
446,Chile,2022,0.72,0.88,0.66,0.5,0.39,0.92,83.0,6.93672684116693,0.017994327978352077,8530.41168499117,2
447,Chile,2023,0.7,0.87,0.66,0.5,0.35,0.92,83.0,10.7195633423709,0.01946849438349999,9831.081417099844,2
448,China,2010,0.79,0.49,0.43,0.98,0.84,0.94,42.0,32.1501169663397,0.13687537416266932,2089.0336985513172,3
449,China,2011,0.81,0.5,0.43,1.0,0.85,0.93,42.0,30.5004796644425,0.12531173559173606,2576.156978004379,3
450,China,2012,0.87,0.65,0.43,1.0,0.87,0.94,42.0,30.8618085179503,0.12736801469202827,2968.9282143454097,3
451,China,2013,0.84,0.57,0.43,1.0,0.84,0.94,49.0,31.5855813292794,0.1412255555283054,3417.834134032335,3
452,China,2014,0.82,0.54,0.43,1.0,0.88,0.95,49.0,29.7037271802947,0.13222008079688347,3830.9970256169217,3
453,China,2015,0.83,0.59,0.44,1.0,0.84,0.96,49.0,30.4312672747562,0.1458208070500306,4228.968194502522,3
454,China,2016,0.91,0.81,0.44,1.0,0.82,0.97,49.0,30.2545232296357,0.14856452921143906,4398.870362689607,3
455,China,2017,0.8,0.54,0.46,1.0,0.83,0.97,49.0,30.9118639785891,0.14782181071831718,4807.868180260124,3
456,China,2018,0.84,0.59,0.49,1.0,0.84,0.97,55.0,31.5481478595353,0.15117244304693042,5456.864951177222,3
457,China,2019,0.83,0.59,0.54,1.0,0.84,0.97,61.0,30.8186302968419,0.15660290875391844,5712.338680257887,3
458,China,2020,0.79,0.54,0.53,1.0,0.83,0.97,61.0,31.2766154241293,0.17219280895478606,5903.370759264907,3
459,China,2021,0.77,0.49,0.54,1.0,0.83,0.96,61.5,30.2190732796596,0.16811497984341117,7064.657657597731,3
460,China,2022,0.79,0.47,0.53,1.0,0.83,0.97,62.0,27.7650612563156,0.1651801054815069,7128.331027282171,3
461,China,2023,0.84,0.61,0.52,1.0,0.85,0.98,62.0,26.5682136542881,0.15683779170518816,7296.431891326494,3
462,Colombia,2010,0.62,0.56,0.64,0.37,0.6,0.81,72.0,5.36253459586992,0.021937114865495287,3416.630709283421,1
463,Colombia,2011,0.63,0.5,0.64,0.4,0.61,0.81,74.0,4.67963034404329,0.019133767638583373,3807.078149916745,1
464,Colombia,2012,0.63,0.48,0.63,0.42,0.6,0.82,74.0,5.6774289147471,0.020048598891786194,4215.441444602798,1
465,Colombia,2013,0.63,0.58,0.61,0.44,0.45,0.83,74.0,7.76843663280142,0.019941108680135357,4416.998422671776,1
466,Colombia,2014,0.59,0.55,0.64,0.45,0.49,0.84,74.5,8.11983496308117,0.021454319350999545,4473.005525188804,1
467,Colombia,2015,0.58,0.55,0.62,0.42,0.45,0.85,74.5,9.8493456203733,0.026487147443314662,3512.6367599177474,1
468,Colombia,2016,0.67,0.66,0.62,0.46,0.41,0.86,74.5,10.1857957756345,0.027186192881275672,3391.067877898065,1
469,Colombia,2017,0.6,0.59,0.63,0.47,0.43,0.86,76.5,8.96236276389192,0.02550877143794391,3732.7505597783406,1
470,Colombia,2018,0.63,0.63,0.65,0.48,0.41,0.86,84.0,7.22139251354653,0.025686429763166988,3930.1649606593364,1
471,Colombia,2019,0.62,0.62,0.68,0.47,0.41,0.86,84.0,9.04845616228861,0.025327125770031454,3762.908742396392,1
472,Colombia,2020,0.62,0.68,0.65,0.46,0.46,0.85,88.0,9.91355157220335,0.029241888057254275,3210.3174099143835,1
473,Colombia,2021,0.6,0.67,0.65,0.48,0.43,0.85,88.0,8.20914960906244,0.029129613587095878,3621.127585618987,1
474,Colombia,2022,0.63,0.72,0.62,0.5,0.43,0.83,88.0,8.40182637186439,0.027363630183889476,3668.148470994518,1
475,Colombia,2023,0.63,0.74,0.62,0.51,0.43,0.84,88.0,8.59989159781141,0.030720924943523374,3972.2902468816246,1
476,Comoros,2010,0.3,0.26,0.28,0.0,0.52,0.7,40.5,2.12626127048387,0.012594003837339851,737.5170817940751,1
477,Comoros,2011,0.28,0.24,0.29,0.0,0.42,0.7,40.5,2.12626127048387,0.012594003837339851,820.8817827159938,1
478,Comoros,2012,0.28,0.25,0.3,0.0,0.4,0.72,40.5,2.12626127048387,0.012594003837339851,805.3899352866481,1
479,Comoros,2013,0.25,0.27,0.3,0.03,0.23,0.73,40.5,2.12626127048387,0.012594003837339851,850.6687983533824,1
480,Comoros,2014,0.17,0.27,0.31,0.0,0.27,0.73,48.5,2.12626127048387,0.012594003837339851,868.9353102926467,1
481,Comoros,2015,0.19,0.23,0.32,0.0,0.29,0.75,52.5,3.22701996783337,0.028300338862291465,729.8183305826235,1
482,Comoros,2016,0.29,0.22,0.31,0.0,0.29,0.75,70.1666666667,0.230530375770608,0.021518314790090493,739.7338729471716,1
483,Comoros,2017,0.24,0.28,0.31,0.03,0.37,0.76,70.1666666667,27.3981291524228,0.028965119543526593,771.7593104455145,1
484,Comoros,2018,0.24,0.26,0.32,0.0,0.15,0.75,72.1666666667,0.172607880378736,0.018428317048671355,804.1843420888554,1
485,Comoros,2019,0.27,0.33,0.35,0.0,0.32,0.74,72.1666666667,3.03044600733887,0.019869215053445063,783.6216451476726,1
486,Comoros,2020,0.23,0.37,0.34,0.0,0.15,0.73,74.1666666667,0.574929085819981,0.012649841201555505,781.6493603839332,1
487,Comoros,2021,0.18,0.33,0.35,0.0,0.13,0.74,74.1666666667,0.206883909574449,0.014859952878906945,794.6191395950507,1
488,Comoros,2022,0.2,0.26,0.33,0.0,0.28,0.74,74.1666666667,0.307330846524193,0.015762065308893767,750.3001203747921,1
489,Comoros,2023,0.17,0.22,0.32,0.06,0.16,0.76,74.1666666667,3.13907204820087,0.018391217289770286,789.1579717580089,1
490,"Congo, Dem. Rep.",2010,0.23,0.16,0.14,0.04,0.63,0.6,66.0,2.60447930484844,0.0217167273247742,132.50013905098427,1
491,"Congo, Dem. Rep.",2011,0.22,0.15,0.16,0.07,0.49,0.6,66.0,2.60447930484844,0.0217167273247742,149.9804079177425,1
492,"Congo, Dem. Rep.",2012,0.24,0.11,0.17,0.06,0.57,0.63,68.0,2.60447930484844,0.0217167273247742,162.12276843037117,1
493,"Congo, Dem. Rep.",2013,0.18,0.14,0.16,0.03,0.48,0.64,68.0,2.60447930484844,0.0217167273247742,188.6501394871842,1
494,"Congo, Dem. Rep.",2014,0.06,0.17,0.17,0.0,0.32,0.65,68.0,2.60447930484844,0.0217167273247742,202.55967707412916,1
495,"Congo, Dem. Rep.",2015,0.06,0.14,0.17,0.07,0.14,0.66,69.0,2.60447930484844,0.0217167273247742,210.01753864712256,1
496,"Congo, Dem. Rep.",2016,0.23,0.26,0.16,0.07,0.18,0.68,69.0,0.310225164953757,0.018334960839629193,204.3820897159806,1
497,"Congo, Dem. Rep.",2017,0.1,0.15,0.17,0.1,0.15,0.65,69.0,0.18434368848256,0.013252281590381275,194.7235116885965,1
498,"Congo, Dem. Rep.",2018,0.16,0.2,0.18,0.09,0.12,0.66,69.0,0.246252589446654,0.009561229545343863,240.6997207668698,1
499,"Congo, Dem. Rep.",2019,0.16,0.24,0.2,0.1,0.14,0.65,69.0,0.782215715734939,0.016495224126081353,249.04383271922103,1
500,"Congo, Dem. Rep.",2020,0.15,0.28,0.2,0.15,0.09,0.67,70.0,0.506820617005321,0.01590725598068744,236.1050225545072,1
501,"Congo, Dem. Rep.",2021,0.14,0.31,0.2,0.14,0.08,0.66,70.0,0.0782346689876282,0.012497062757855656,254.81941529072347,1
502,"Congo, Dem. Rep.",2022,0.13,0.28,0.2,0.15,0.04,0.66,70.0,0.723158681595087,0.017124566182952952,300.9445547153418,1
503,"Congo, Dem. Rep.",2023,0.11,0.24,0.2,0.16,0.03,0.67,70.0,0.199611665225369,0.0200261532768797,303.18523750185926,1
504,"Congo, Rep.",2010,0.28,0.26,0.23,0.1,0.5,0.64,51.0,1.09085986257553,0.009541927088995095,749.4032309920758,1
505,"Congo, Rep.",2011,0.31,0.24,0.24,0.11,0.52,0.66,57.0,1.09085986257553,0.009541927088995095,867.2864534128811,1
506,"Congo, Rep.",2012,0.28,0.19,0.24,0.08,0.49,0.67,63.0,1.09085986257553,0.009541927088995095,1007.1939207619824,1
507,"Congo, Rep.",2013,0.22,0.21,0.24,0.11,0.24,0.69,63.0,1.09085986257553,0.009541927088995095,1056.931730130996,1
508,"Congo, Rep.",2014,0.17,0.22,0.25,0.13,0.33,0.71,63.0,1.09085986257553,0.009541927088995095,1148.8335572272804,1
509,"Congo, Rep.",2015,0.17,0.18,0.25,0.14,0.25,0.74,63.0,0.926253889837264,0.012417754310346845,955.2784603145905,1
510,"Congo, Rep.",2016,0.29,0.18,0.26,0.13,0.24,0.76,63.0,1.15950410511852,0.013584588372386897,988.069692548465,1
511,"Congo, Rep.",2017,0.21,0.12,0.27,0.13,0.38,0.75,65.0,2.00657411112222,0.01023514592787717,921.1104873723676,1
512,"Congo, Rep.",2018,0.25,0.14,0.29,0.14,0.28,0.73,67.6666666667,2.52474361763104,0.006650522220397166,935.1651997418039,1
513,"Congo, Rep.",2019,0.23,0.1,0.32,0.13,0.33,0.72,67.6666666667,6.34219069474197,0.011083389731598439,971.3727004624652,1
514,"Congo, Rep.",2020,0.28,0.32,0.32,0.14,0.36,0.74,68.6666666667,4.54987327780387,0.008116429163661329,996.1817800020755,1
515,"Congo, Rep.",2021,0.32,0.48,0.34,0.14,0.35,0.72,68.6666666667,6.53711247460385,0.006609853469134815,1071.9587611137486,1
516,"Congo, Rep.",2022,0.32,0.38,0.32,0.14,0.52,0.72,68.6666666667,4.32722654163177,0.006962539558192248,977.9610398071086,1
517,"Congo, Rep.",2023,0.31,0.44,0.32,0.11,0.43,0.73,68.6666666667,3.15972234574724,0.016346434045226305,1001.760899514707,1
518,Costa Rica,2010,0.58,0.43,0.52,0.16,0.86,0.84,58.666666667,40.1473130677601,0.15793564697837903,5117.163749089896,3
519,Costa Rica,2011,0.59,0.43,0.52,0.14,0.87,0.84,68.166666667,40.9971303230342,0.19819016327458525,5861.017389040059,3
520,Costa Rica,2012,0.61,0.48,0.51,0.16,0.89,0.85,79.666666667,39.7898301713494,0.19890900774108705,6510.252031915267,3
521,Costa Rica,2013,0.59,0.5,0.5,0.18,0.86,0.85,81.666666667,43.4415513820508,0.20420415735744982,7083.731835259885,3
522,Costa Rica,2014,0.55,0.55,0.49,0.18,0.9,0.86,84.0,36.5061833752317,0.1511649782822197,7245.062344703185,3
523,Costa Rica,2015,0.54,0.56,0.49,0.19,0.72,0.86,85.0,16.9840779616817,0.0654291623676283,7883.761143877093,2
524,Costa Rica,2016,0.6,0.57,0.47,0.19,0.66,0.88,85.0,18.4424705219172,0.05471683920413869,8156.029544682205,2
525,Costa Rica,2017,0.53,0.58,0.47,0.2,0.67,0.88,86.0,18.4952181840988,0.0574346725369212,8417.86919965562,2
526,Costa Rica,2018,0.58,0.68,0.49,0.19,0.64,0.88,86.0,18.4668840173132,0.058034053122647734,8645.801127837045,2
527,Costa Rica,2019,0.58,0.69,0.53,0.2,0.64,0.86,89.9999999997,17.5649349958823,0.05866257820258487,8916.846172907777,2
528,Costa Rica,2020,0.63,0.77,0.56,0.21,0.76,0.86,89.9999999997,15.681961032421,0.05644551107068744,8456.758264039076,2
529,Costa Rica,2021,0.61,0.73,0.58,0.21,0.77,0.86,90.4999999997,16.9670005542705,0.05430150483889071,8611.734957122468,2
530,Costa Rica,2022,0.62,0.72,0.56,0.21,0.77,0.85,90.9999999997,21.9748960011818,0.05771766294729638,9167.927163891207,2
531,Costa Rica,2023,0.61,0.77,0.55,0.21,0.71,0.85,90.9999999997,24.177789153066,0.06543079950905001,11519.405580212495,2
532,Cote d'Ivoire,2010,0.28,0.21,0.13,0.11,0.55,0.72,57.8333333333,4.24784012817341,0.00844199023408649,587.7417329120447,1
533,Cote d'Ivoire,2011,0.31,0.17,0.13,0.11,0.64,0.72,56.8333333333,16.6930089152371,0.006345390609434093,543.0633313956793,1
534,Cote d'Ivoire,2012,0.29,0.16,0.13,0.14,0.58,0.73,56.8333333333,8.97049962615032,0.011307194484098376,613.9323977878755,1
535,Cote d'Ivoire,2013,0.23,0.21,0.13,0.09,0.36,0.74,63.5,4.35929659540354,0.010380878251655621,693.2696932395396,1
536,Cote d'Ivoire,2014,0.17,0.26,0.13,0.11,0.39,0.74,63.5,11.3886788789026,0.011078101978934536,743.0808604618101,1
537,Cote d'Ivoire,2015,0.23,0.4,0.13,0.12,0.37,0.75,63.5,7.2097220855326,0.011763917550758335,982.3545551884625,1
538,Cote d'Ivoire,2016,0.32,0.45,0.14,0.09,0.22,0.76,64.5,8.59367223098391,0.015192482192941531,1014.9951080302877,1
539,Cote d'Ivoire,2017,0.25,0.48,0.16,0.09,0.32,0.77,64.5,7.01554066796367,0.012849691064844813,1095.0975572209147,1
540,Cote d'Ivoire,2018,0.31,0.47,0.19,0.15,0.25,0.77,66.5,6.55999280073843,0.01580474634876476,1185.1589672879318,1
541,Cote d'Ivoire,2019,0.3,0.44,0.2,0.17,0.32,0.76,66.5,11.2315188507649,0.017228692502406023,1177.9185598343015,1
542,Cote d'Ivoire,2020,0.27,0.5,0.19,0.16,0.22,0.76,73.0,5.11294024947147,0.01719382248533456,1211.3368958027802,1
543,Cote d'Ivoire,2021,0.27,0.5,0.2,0.17,0.23,0.76,73.0,3.86336645370502,0.014467768281740834,1328.6866785749105,1
544,Cote d'Ivoire,2022,0.26,0.44,0.19,0.16,0.25,0.76,73.0,3.55657032872416,0.014579088173143616,1235.883105886178,1
545,Cote d'Ivoire,2023,0.25,0.47,0.19,0.17,0.22,0.78,73.0,4.41310726011773,0.014424083507665515,1354.8599934137271,1
546,Croatia,2010,0.67,0.73,0.56,0.33,0.69,0.88,87.5,10.1821121281211,0.059908937635136876,8215.363542449075,2
547,Croatia,2011,0.69,0.73,0.57,0.34,0.68,0.88,91.0,8.69115491266511,0.05306236232610276,8843.430285630453,2
548,Croatia,2012,0.68,0.69,0.57,0.33,0.71,0.88,91.0,11.812056164737,0.051140234974076645,8080.416527281564,2
549,Croatia,2013,0.64,0.74,0.59,0.24,0.6,0.88,94.0,12.493497088882,0.0583233152514723,8393.103564048628,2
550,Croatia,2014,0.61,0.69,0.63,0.29,0.63,0.88,94.0,10.4390521916801,0.04954107454002054,8444.94885273258,2
551,Croatia,2015,0.61,0.69,0.63,0.3,0.59,0.87,94.0,10.7066240086763,0.050344533537125265,7284.082012082833,2
552,Croatia,2016,0.68,0.68,0.62,0.32,0.58,0.88,94.0,14.4016994474882,0.0534505358579552,7594.562911350574,2
553,Croatia,2017,0.64,0.8,0.62,0.29,0.61,0.87,94.0,8.73810136016396,0.055367590448034826,8295.571033357961,2
554,Croatia,2018,0.69,0.83,0.65,0.36,0.59,0.87,94.0,8.83753101502131,0.05542544488324444,9200.79824587619,2
555,Croatia,2019,0.68,0.83,0.71,0.34,0.59,0.86,94.0,8.28927083536396,0.055731733909861005,9208.553595195308,2
556,Croatia,2020,0.69,0.83,0.68,0.37,0.61,0.86,94.0,9.68004103299381,0.0608377894595853,8816.369451505976,2
557,Croatia,2021,0.67,0.82,0.69,0.4,0.59,0.85,94.0,9.60673351412275,0.06370150610817549,10504.048900637874,2
558,Croatia,2022,0.64,0.7,0.66,0.41,0.59,0.84,94.0,12.0638540428638,0.05721947721329186,11045.258222338023,2
559,Croatia,2023,0.62,0.71,0.64,0.39,0.58,0.85,94.0,11.0335908814715,0.06609602712691204,13272.021674856245,2
560,Cuba,2010,0.66,0.69,0.39,0.36,0.79,0.93,18.0,35.0033320156303,0.04896990542281258,3820.771188757953,1
561,Cuba,2011,0.67,0.69,0.39,0.4,0.76,0.94,20.0,35.0033320156303,0.04896990542281258,4456.637046300908,1
562,Cuba,2012,0.69,0.68,0.38,0.44,0.79,0.94,20.0,35.0033320156303,0.04896990542281258,4636.838764329492,1
563,Cuba,2013,0.67,0.75,0.37,0.43,0.7,0.95,20.0,35.0033320156303,0.04896990542281258,4900.706459729264,1
564,Cuba,2014,0.61,0.64,0.38,0.45,0.75,0.95,20.0,35.0033320156303,0.04896990542281258,5208.858053611737,1
565,Cuba,2015,0.66,0.68,0.49,0.44,0.71,0.95,20.0,35.0033320156303,0.04896990542281258,5622.7170308996,1
566,Cuba,2016,0.72,0.73,0.48,0.42,0.69,0.96,18.0,35.0033320156303,0.04896990542281258,5843.5352202792,1
567,Cuba,2017,0.69,0.79,0.48,0.48,0.68,0.96,20.0,21.1108836158782,0.04335454593582101,6097.7811807060725,1
568,Cuba,2018,0.71,0.79,0.5,0.49,0.68,0.96,22.0,11.4989160660893,0.03863050106234614,6257.1309306627045,1
569,Cuba,2019,0.7,0.8,0.52,0.49,0.66,0.95,24.0,17.416999745281,0.039013200261898626,6500.0447207789875,1
570,Cuba,2020,0.68,0.82,0.49,0.47,0.66,0.95,24.0,9.82889880376058,0.04530730900970723,7060.799971081804,1
571,Cuba,2021,0.69,0.84,0.5,0.49,0.67,0.96,24.0,70.086566034141,0.03856258753579446,7060.799971081804,3
572,Cuba,2022,0.69,0.84,0.47,0.51,0.69,0.95,24.0,7.87558913182664,0.032474876102616165,7060.799971081804,1
573,Cuba,2023,0.68,0.83,0.47,0.53,0.67,0.96,24.0,7.87558913182664,0.032474876102616165,7060.799971081804,1
574,Cyprus,2010,0.69,0.53,0.58,0.33,0.76,1.0,80.5,38.2015198109537,0.04790239251733725,16388.683902982222,2
575,Cyprus,2011,0.69,0.53,0.57,0.27,0.77,1.0,81.5,30.3585435469183,0.04175829448710793,17837.677262285855,2
576,Cyprus,2012,0.7,0.5,0.58,0.33,0.78,1.0,84.0,16.5914967808238,0.027586029944312886,16108.339352975852,2
577,Cyprus,2013,0.71,0.67,0.58,0.26,0.76,1.0,86.0,13.0833984575068,0.02023648183821735,15403.965143655478,2
578,Cyprus,2014,0.67,0.64,0.59,0.3,0.74,1.0,86.6666666667,14.5282633236727,0.017087424190605636,14654.343541973421,2
579,Cyprus,2015,0.68,0.67,0.59,0.29,0.74,1.0,86.6666666667,12.7108239034115,0.01565657792860932,12328.812749157198,2
580,Cyprus,2016,0.75,0.66,0.59,0.38,0.68,1.0,86.6666666667,13.3285149968646,0.01536363987334157,12686.128188338082,2
581,Cyprus,2017,0.74,0.79,0.61,0.4,0.72,0.99,86.6666666667,13.3499611387371,0.016372220853309746,13563.317860703994,2
582,Cyprus,2018,0.75,0.81,0.66,0.37,0.71,0.95,86.6666666667,19.8567940881369,0.014716010203216667,14895.67282919786,2
583,Cyprus,2019,0.75,0.8,0.71,0.43,0.69,0.93,87.6666666667,19.874215891301,0.022643020591389052,14920.997364316907,2
584,Cyprus,2020,0.75,0.79,0.69,0.43,0.75,0.92,89.6666666667,12.2448277312995,0.022811840113584968,14630.989666169935,2
585,Cyprus,2021,0.74,0.79,0.71,0.45,0.73,0.9,89.6666666667,15.9690026786633,0.025888705081789663,17474.486834000072,2
586,Cyprus,2022,0.76,0.79,0.7,0.45,0.72,0.88,89.6666666667,17.6595981229011,0.02648944650672045,18091.59663788346,2
587,Cyprus,2023,0.74,0.79,0.69,0.46,0.69,0.88,89.6666666667,18.7419533928829,0.02437946354293803,19877.785519904966,2
588,Czechia,2010,0.78,0.68,0.71,0.56,0.8,0.84,80.0,17.8761073763384,0.10288557203243053,11348.070794415247,2
589,Czechia,2011,0.8,0.68,0.7,0.56,0.81,0.84,82.0,18.7153527152583,0.09581174215501187,12152.204893718688,2
590,Czechia,2012,0.81,0.65,0.7,0.58,0.84,0.85,82.0,18.5892063440962,0.09633378633236453,11041.172045578995,2
591,Czechia,2013,0.8,0.69,0.69,0.57,0.78,0.85,86.0,17.334368506368,0.09825326473435268,11136.799048874806,2
592,Czechia,2014,0.76,0.65,0.71,0.57,0.81,0.85,88.0,17.3712318028821,0.09925214943300609,10940.599595429301,2
593,Czechia,2015,0.75,0.65,0.71,0.56,0.76,0.85,88.0,17.7344072038512,0.09971618499365725,9742.777264654313,2
594,Czechia,2016,0.79,0.64,0.69,0.56,0.74,0.86,88.0,16.8728021438796,0.10384562906101592,10290.331416727962,2
595,Czechia,2017,0.8,0.86,0.7,0.55,0.75,0.86,88.0,17.8292568189487,0.1038725816150984,11639.53125525724,2
596,Czechia,2018,0.81,0.88,0.72,0.54,0.76,0.86,89.0,19.5549977904499,0.1015706887552973,13517.751744676447,2
597,Czechia,2019,0.8,0.86,0.74,0.55,0.77,0.85,89.0,20.7104130233292,0.09937408478681634,13909.537563287782,2
598,Czechia,2020,0.77,0.82,0.71,0.54,0.78,0.85,89.0,22.58251525965,0.10611223147566863,13985.648724863053,2
599,Czechia,2021,0.76,0.8,0.72,0.54,0.79,0.85,89.0,20.3560909262553,0.11107748601335775,16857.881517150763,2
600,Czechia,2022,0.78,0.78,0.72,0.55,0.79,0.84,89.0,21.8353618959526,0.11268216645302688,16896.9135464963,2
601,Czechia,2023,0.76,0.78,0.71,0.54,0.78,0.85,89.0,20.302723987427,0.12274245444150833,18960.908741730196,2
602,Denmark,2010,0.88,0.79,0.79,0.64,0.77,0.98,91.6666666667,15.4688409278647,0.04436353860195232,38220.29371399159,2
603,Denmark,2011,0.92,0.92,0.79,0.65,0.77,0.98,91.6666666667,15.2745652031744,0.043467690349964117,40278.46939460669,2
604,Denmark,2012,0.95,0.88,0.85,0.65,0.8,0.97,91.6666666667,15.826335095061,0.04470607401166348,37911.022570025925,2
605,Denmark,2013,0.95,0.93,0.86,0.64,0.72,0.97,91.6666666667,15.822591156063,0.042155374350427606,40244.683612093075,2
606,Denmark,2014,0.93,0.87,0.87,0.65,0.76,0.97,92.0,15.7179605296799,0.042082370071923655,41256.80157976106,2
607,Denmark,2015,0.91,0.87,0.86,0.64,0.72,0.97,96.0,17.1655001970314,0.043893844384712374,35184.40642199159,2
608,Denmark,2016,0.9,0.73,0.85,0.62,0.7,0.98,96.0,14.8833242354843,0.046588250701077256,35742.61052276829,2
609,Denmark,2017,0.92,0.97,0.86,0.63,0.7,0.97,97.0,12.4279222825429,0.0453107827846565,37541.51567818327,2
610,Denmark,2018,0.92,0.98,0.89,0.62,0.7,0.97,97.0,12.3547301877073,0.046158127792661645,39957.36637732816,2
611,Denmark,2019,0.93,0.98,0.95,0.62,0.72,0.96,97.0,12.039996737934,0.04505645835158644,38705.65167616282,2
612,Denmark,2020,0.91,0.96,0.91,0.61,0.71,0.96,97.0,13.2343925466707,0.046258778247542306,40242.15200676441,2
613,Denmark,2021,0.87,0.86,0.92,0.61,0.7,0.95,97.0,13.9247982031326,0.04538321774728095,46208.579256109166,2
614,Denmark,2022,0.86,0.84,0.89,0.61,0.69,0.94,97.0,15.988289228272,0.04508576902294734,45026.849846802754,2
615,Denmark,2023,0.86,0.82,0.88,0.62,0.71,0.95,97.0,17.1321575837404,0.045872730749275885,43485.23684207978,2
616,Djibouti,2010,0.32,0.28,0.25,0.0,0.52,0.81,4.5,2.62827621175548,0.0231473645880125,1672.6914997888355,1
617,Djibouti,2011,0.32,0.26,0.25,0.0,0.49,0.8,4.5,2.62827621175548,0.0231473645880125,1672.6914997888355,1
618,Djibouti,2012,0.32,0.24,0.25,0.0,0.58,0.8,4.5,2.62827621175548,0.0231473645880125,1672.6914997888355,1
619,Djibouti,2013,0.26,0.29,0.25,0.0,0.35,0.78,4.5,2.62827621175548,0.0231473645880125,1672.6914997888355,1
620,Djibouti,2014,0.2,0.32,0.25,0.03,0.38,0.78,4.5,2.62827621175548,0.0231473645880125,1780.0174801847782,1
621,Djibouti,2015,0.2,0.33,0.25,0.0,0.35,0.77,4.5,2.62827621175548,0.0231473645880125,1907.7079956628702,1
622,Djibouti,2016,0.38,0.54,0.26,0.0,0.45,0.78,4.5,2.62827621175548,0.0231473645880125,2025.5271168335369,1
623,Djibouti,2017,0.3,0.52,0.27,0.0,0.44,0.78,4.5,2.62827621175548,0.0231473645880125,2074.4908099999334,1
624,Djibouti,2018,0.35,0.48,0.29,0.05,0.46,0.78,4.5,2.62827621175548,0.0231473645880125,2107.0319113221885,1
625,Djibouti,2019,0.35,0.46,0.32,0.05,0.52,0.78,4.5,2.62827621175548,0.0231473645880125,2184.181413317709,1
626,Djibouti,2020,0.32,0.49,0.32,0.03,0.49,0.76,4.5,2.62827621175548,0.0231473645880125,2198.1923412421597,1
627,Djibouti,2021,0.28,0.42,0.33,0.03,0.51,0.75,4.5,2.62827621175548,0.0231473645880125,2272.885393134953,1
628,Djibouti,2022,0.31,0.41,0.32,0.08,0.54,0.75,4.5,3.02417742085029,0.020154679645628996,2393.449396404587,1
629,Djibouti,2023,0.31,0.45,0.32,0.11,0.5,0.77,4.5,3.27550022198031,0.03375095130233655,2607.4970901893066,1
630,Dominican Republic,2010,0.44,0.5,0.41,0.04,0.59,0.77,80.5,2.34947428003544,0.05131736383489521,3293.6644338966057,1
631,Dominican Republic,2011,0.47,0.56,0.4,0.06,0.58,0.77,85.5,2.38570567800044,0.05150669767459182,3537.0068172164615,1
632,Dominican Republic,2012,0.45,0.53,0.4,0.04,0.61,0.78,86.5,3.20065823562734,0.053164312279239984,3681.4518518640602,1
633,Dominican Republic,2013,0.42,0.57,0.41,0.03,0.45,0.78,88.5,4.45453776202669,0.04748311924773602,3708.8294915250035,1
634,Dominican Republic,2014,0.36,0.55,0.41,0.07,0.51,0.79,90.5,4.30505041159946,0.05285605800240783,3926.6286918338164,1
635,Dominican Republic,2015,0.36,0.55,0.4,0.07,0.45,0.79,91.5,3.96684697463683,0.05413050613440186,4150.605071931107,1
636,Dominican Republic,2016,0.47,0.61,0.42,0.07,0.4,0.8,91.5,4.42181482516597,0.054030764337476174,4440.409715714107,1
637,Dominican Republic,2017,0.44,0.73,0.43,0.03,0.49,0.8,91.5,8.35627149926946,0.06098577695250567,4605.6527388905415,1
638,Dominican Republic,2018,0.46,0.69,0.45,0.05,0.48,0.8,95.5,6.39815706280082,0.06473026742614596,4813.941722746253,1
639,Dominican Republic,2019,0.47,0.68,0.48,0.11,0.48,0.8,96.5,6.34761176426535,0.06557574824230568,4988.7991716289625,1
640,Dominican Republic,2020,0.48,0.73,0.46,0.12,0.52,0.8,96.5,8.72741174344453,0.07159125829527858,4285.802309487596,1
641,Dominican Republic,2021,0.44,0.69,0.45,0.11,0.49,0.79,96.75,8.48005001549177,0.058784441803410026,4929.236038430406,1
642,Dominican Republic,2022,0.42,0.66,0.4,0.12,0.51,0.79,97.0,6.01879055876862,0.062423295545385574,5892.782072860848,1
643,Dominican Republic,2023,0.41,0.68,0.4,0.13,0.47,0.8,97.0,6.03092939982151,0.06829159872215088,6334.796394641931,1
644,Ecuador,2010,0.45,0.49,0.43,0.12,0.5,0.79,71.5,8.74026749691863,0.020503675621296298,2421.006526960982,1
645,Ecuador,2011,0.46,0.49,0.44,0.14,0.46,0.79,73.5,3.57674827666815,0.02022955682247665,2654.1958435040797,1
646,Ecuador,2012,0.46,0.5,0.44,0.14,0.48,0.8,75.5,2.9332060230149,0.022028028886239896,2915.1998106368314,1
647,Ecuador,2013,0.46,0.61,0.44,0.16,0.31,0.8,75.5,5.2356622825582,0.024610043026381936,3177.9857163173474,1
648,Ecuador,2014,0.4,0.62,0.43,0.19,0.35,0.8,75.5,5.63721536881617,0.02307294219223552,3384.452904760824,1
649,Ecuador,2015,0.42,0.62,0.43,0.22,0.36,0.8,75.5,7.68854403605136,0.03256831521345276,3442.6641706972578,1
650,Ecuador,2016,0.52,0.64,0.42,0.25,0.33,0.82,74.5,9.19247360777488,0.027208747169645803,3465.80958815312,1
651,Ecuador,2017,0.41,0.52,0.43,0.27,0.34,0.82,75.5,7.95691634892711,0.024745627904000336,3618.769369216384,1
652,Ecuador,2018,0.46,0.6,0.43,0.27,0.27,0.83,75.5,5.29990873788448,0.021877831766270287,3703.403791314807,1
653,Ecuador,2019,0.45,0.6,0.46,0.28,0.26,0.84,76.0,5.52377825962259,0.021956378549687516,3688.107067459722,1
654,Ecuador,2020,0.46,0.68,0.43,0.28,0.25,0.84,78.0,4.28192759486423,0.019791311443509894,3350.3711515943887,1
655,Ecuador,2021,0.43,0.63,0.46,0.28,0.24,0.84,78.0,4.84096317381331,0.02012257640927754,3543.3891132984145,1
656,Ecuador,2022,0.44,0.62,0.43,0.28,0.3,0.85,78.0,6.71157923405729,0.017399099469852866,3792.277749360872,1
657,Ecuador,2023,0.44,0.68,0.42,0.29,0.24,0.86,78.0,7.27423385399254,0.01960149278014046,3949.8333239062354,1
658,"Egypt, Arab Rep.",2010,0.49,0.39,0.42,0.36,0.52,0.81,66.6666666667,0.953019870787645,0.03267477879577489,1135.0511630507451,1
659,"Egypt, Arab Rep.",2011,0.51,0.39,0.42,0.41,0.52,0.8,68.6666666667,0.991983726834134,0.03185602967477287,1184.3393541583887,1
660,"Egypt, Arab Rep.",2012,0.5,0.35,0.42,0.38,0.54,0.79,68.6666666667,0.616321015158555,0.030211488590176614,1551.1128238449585,1
661,"Egypt, Arab Rep.",2013,0.49,0.39,0.48,0.4,0.37,0.79,72.0,0.534837648013577,0.0345740105524613,1582.3722686873527,1
662,"Egypt, Arab Rep.",2014,0.53,0.66,0.5,0.36,0.49,0.79,72.0,1.25266602348327,0.03621174601344944,1639.4210756408572,1
663,"Egypt, Arab Rep.",2015,0.46,0.5,0.48,0.35,0.44,0.79,72.0,0.795057681508592,0.03946468912625551,1758.3400700049003,1
664,"Egypt, Arab Rep.",2016,0.57,0.5,0.47,0.42,0.4,0.83,72.0,0.504375385317036,0.043364184011588425,1781.9459690488,1
665,"Egypt, Arab Rep.",2017,0.48,0.48,0.47,0.42,0.44,0.8,72.0,0.565232575837901,0.037240607784821037,1273.4752563613774,1
666,"Egypt, Arab Rep.",2018,0.49,0.48,0.47,0.39,0.4,0.79,72.0,0.862813543464706,0.03917749343942973,1283.1565148301754,1
667,"Egypt, Arab Rep.",2019,0.51,0.52,0.53,0.45,0.41,0.78,73.0,2.34526584104617,0.03486144793635576,1504.065086458038,1
668,"Egypt, Arab Rep.",2020,0.52,0.63,0.5,0.44,0.43,0.78,84.0,2.55490106145901,0.03809567544332658,1826.7310044240173,1
669,"Egypt, Arab Rep.",2021,0.5,0.6,0.48,0.44,0.45,0.79,85.5,3.17081927055814,0.03479664304557628,2008.4923130029786,1
670,"Egypt, Arab Rep.",2022,0.51,0.57,0.43,0.5,0.46,0.8,87.0,3.40204987508041,0.03095153428076825,2177.141537084931,1
671,"Egypt, Arab Rep.",2023,0.49,0.56,0.43,0.49,0.43,0.8,87.0,3.16286878393567,0.03786812939287093,1785.3894255285327,1
672,El Salvador,2010,0.43,0.36,0.34,0.07,0.65,0.85,65.5,7.32301147785948,0.03683094588567161,1808.9270891817393,1
673,El Salvador,2011,0.43,0.36,0.33,0.04,0.63,0.85,65.5,6.63578377381464,0.03218408892631628,1926.3801887875245,1
674,El Salvador,2012,0.43,0.38,0.33,0.04,0.66,0.85,66.5,6.00783784534244,0.0299300074804915,2040.8212333220204,1
675,El Salvador,2013,0.4,0.42,0.32,0.07,0.52,0.85,66.5,5.65538655234915,0.03204329752936955,2133.111814791038,1
676,El Salvador,2014,0.35,0.47,0.32,0.08,0.56,0.86,65.5,5.65258610761317,0.03377755117006937,2178.312189525966,1
677,El Salvador,2015,0.35,0.51,0.31,0.05,0.51,0.86,68.5,4.97701394933062,0.034931458319450985,2274.6987390671825,1
678,El Salvador,2016,0.45,0.5,0.29,0.08,0.5,0.87,68.5,5.37320139679434,0.034948968179780965,2353.775319313637,1
679,El Salvador,2017,0.37,0.5,0.28,0.1,0.53,0.87,68.5,5.73736147193314,0.04443163153575486,2416.7426164792237,1
680,El Salvador,2018,0.42,0.55,0.29,0.11,0.52,0.87,69.5,6.12699337415169,0.04509104933799604,2514.7870343886875,1
681,El Salvador,2019,0.41,0.56,0.33,0.09,0.5,0.87,69.5,5.14076264668843,0.040249570766153035,2590.587623454796,1
682,El Salvador,2020,0.41,0.59,0.31,0.1,0.52,0.87,69.5,6.37122274852995,0.03895260960624789,2456.7639714223988,1
683,El Salvador,2021,0.4,0.59,0.32,0.1,0.54,0.86,69.5,7.17516150721425,0.0397388712109743,2794.1414838304786,1
684,El Salvador,2022,0.41,0.58,0.31,0.13,0.54,0.86,69.5,7.8500188873406,0.03999632859778393,3067.8537188954892,1
685,El Salvador,2023,0.41,0.63,0.32,0.14,0.5,0.87,69.5,6.40401071272118,0.041118299120420775,3260.146721896582,1
686,Estonia,2010,0.72,0.62,0.75,0.29,0.75,0.91,78.0,15.7346506591757,0.08005624651604612,8787.055309203703,2
687,Estonia,2011,0.76,0.78,0.75,0.29,0.76,0.89,78.0,22.2268275715382,0.08077899434478475,10261.452906064385,2
688,Estonia,2012,0.78,0.74,0.75,0.36,0.79,0.89,78.0,20.5676117029777,0.08145554056265529,10398.661421737344,2
689,Estonia,2013,0.77,0.78,0.74,0.37,0.71,0.88,77.0,20.6761148166196,0.08013012457403798,11530.562657204151,2
690,Estonia,2014,0.73,0.73,0.73,0.39,0.75,0.88,81.0,23.652438820507,0.08567301654893615,12328.478587129996,2
691,Estonia,2015,0.73,0.79,0.72,0.36,0.71,0.88,85.0,22.7144676294333,0.08796440233014764,10760.410200233235,2
692,Estonia,2016,0.75,0.77,0.72,0.32,0.69,0.89,85.0,21.9072583684186,0.09060875021316156,11354.497873481863,2
693,Estonia,2017,0.74,0.92,0.72,0.29,0.69,0.88,86.0,17.9646942764807,0.08607580927581501,12751.471879385965,2
694,Estonia,2018,0.77,0.92,0.75,0.35,0.68,0.88,88.0,18.2045260067525,0.07492640750371017,14554.774322484052,2
695,Estonia,2019,0.77,0.92,0.81,0.35,0.68,0.87,88.5,16.9644248677655,0.07008713344686911,14970.451713678367,2
696,Estonia,2020,0.78,0.93,0.77,0.4,0.72,0.87,90.5,20.6216264338951,0.07301808117933595,15305.977857552189,2
697,Estonia,2021,0.77,0.9,0.79,0.37,0.74,0.86,90.5,20.6301155577085,0.05964865257700879,17530.041812816205,2
698,Estonia,2022,0.78,0.89,0.77,0.4,0.73,0.86,90.5,18.0186438315616,0.06131212384328357,17769.66801064663,2
699,Estonia,2023,0.77,0.87,0.75,0.43,0.73,0.87,90.5,16.581160524959,0.0716779614543349,19712.66195258603,2
700,Eswatini,2010,0.41,0.33,0.36,0.07,0.66,0.76,22.5,0.231421837373372,0.020658550003458134,1899.425735624567,1
701,Eswatini,2011,0.42,0.36,0.37,0.0,0.64,0.77,25.0,0.0765650208893706,0.027341099481865284,2082.384324926085,1
702,Eswatini,2012,0.4,0.32,0.38,0.04,0.61,0.76,25.0,0.066120343826015,0.01504922605974494,2015.2464336326138,1
703,Eswatini,2013,0.4,0.37,0.38,0.0,0.6,0.77,27.0,0.0978614085814442,0.015227297773698197,1924.330199267958,1
704,Eswatini,2014,0.28,0.37,0.38,0.0,0.51,0.77,41.0,0.0817708731291131,0.01610579390895606,1854.1778364909148,1
705,Eswatini,2015,0.3,0.34,0.39,0.05,0.45,0.77,41.0,0.233042561514838,0.014334821504904905,1682.0541711107153,1
706,Eswatini,2016,0.4,0.36,0.4,0.05,0.42,0.78,44.0,0.200467504294285,0.015829580225145513,1646.9084241979126,1
707,Eswatini,2017,0.43,0.44,0.41,0.08,0.72,0.78,44.0,0.293249799871917,0.017359001596672467,1958.9897043794867,1
708,Eswatini,2018,0.41,0.45,0.45,0.09,0.49,0.78,73.0,0.925351559868595,0.01603680877558643,2061.3934386318588,1
709,Eswatini,2019,0.4,0.46,0.49,0.08,0.44,0.77,79.0,0.274607103354208,0.017991503238175676,2008.000128440215,1
710,Eswatini,2020,0.4,0.54,0.48,0.05,0.43,0.77,79.0,0.342192841190398,0.017249522721875334,1836.6717783957295,1
711,Eswatini,2021,0.38,0.49,0.51,0.13,0.4,0.76,79.0,0.325445621132478,0.028437381377832572,2097.8980852057653,1
712,Eswatini,2022,0.38,0.46,0.49,0.1,0.43,0.76,79.0,0.31591177017993,0.015506480905231476,1977.2834187109377,1
713,Eswatini,2023,0.34,0.45,0.48,0.06,0.39,0.77,79.0,0.285307158606886,0.015775519037247665,1948.89006088696,1
714,Fiji,2010,0.43,0.38,0.4,0.1,0.52,0.9,25.5,4.22523254435277,0.017816791318333126,1982.8441638377165,1
715,Fiji,2011,0.45,0.4,0.39,0.09,0.51,0.89,57.0,4.33538449521754,0.0179680066268253,2407.438429131019,1
716,Fiji,2012,0.48,0.5,0.39,0.13,0.55,0.89,62.0,2.38950219709659,0.016031631359582556,2517.8227868102827,1
717,Fiji,2013,0.5,0.75,0.39,0.13,0.37,0.89,62.0,2.37789871805637,0.016752644142038146,2600.446271597487,1
718,Fiji,2014,0.44,0.69,0.4,0.14,0.44,0.89,62.0,2.64858094690686,0.027275435044458854,2940.1251774465145,1
719,Fiji,2015,0.44,0.69,0.41,0.15,0.35,0.89,62.0,2.40088359260218,0.022830113429626316,2825.930345726362,1
720,Fiji,2016,0.53,0.69,0.41,0.16,0.32,0.91,62.0,2.84203358700427,0.028191648583164593,2925.1617193664038,1
721,Fiji,2017,0.41,0.55,0.41,0.15,0.36,0.91,62.0,3.53488889969416,0.028241109090458107,3174.8377923728967,1
722,Fiji,2018,0.47,0.62,0.44,0.15,0.33,0.92,62.0,3.80322248838358,0.0269400119521814,3281.5531664120563,1
723,Fiji,2019,0.49,0.69,0.47,0.16,0.35,0.92,62.0,5.67997543305016,0.021103698875437105,3238.9911059796545,1
724,Fiji,2020,0.49,0.72,0.46,0.17,0.35,0.93,63.0,10.850874908157,0.022333540593970063,2501.8439934545877,1
725,Fiji,2021,0.47,0.66,0.47,0.18,0.36,0.94,63.0,1.90912873666526,0.02470264208975521,2427.1772438654607,1
726,Fiji,2022,0.45,0.64,0.45,0.18,0.33,0.92,63.0,2.24124587754453,0.028959447191136585,2978.475491034117,1
727,Fiji,2023,0.43,0.64,0.45,0.18,0.3,0.93,63.0,1.64679784443044,0.026862210099589272,3332.192373075134,1
728,Finland,2010,0.86,0.63,0.79,0.61,0.88,0.91,86.0,13.1468637622035,0.05251706416454388,27423.700942992367,2
729,Finland,2011,0.92,0.86,0.79,0.61,0.87,0.9,86.0,11.0754610454262,0.05246259712179938,30297.781538871088,2
730,Finland,2012,0.93,0.79,0.78,0.63,0.88,0.91,90.0,10.4739136902235,0.05178743908037509,28907.425342158094,2
731,Finland,2013,0.93,0.86,0.78,0.63,0.81,0.91,92.0,9.02643257926868,0.05160149335051477,30095.373187663958,2
732,Finland,2014,0.92,0.78,0.87,0.63,0.83,0.91,92.0,10.0525206084322,0.05451006724953723,30486.0036556276,2
733,Finland,2015,0.92,0.79,0.86,0.62,0.81,0.91,94.0,10.1842827866076,0.05760979919409084,25936.476166653134,2
734,Finland,2016,0.92,0.77,0.85,0.62,0.79,0.92,94.0,10.052829776298,0.061285347697747516,26274.55771686056,2
735,Finland,2017,0.93,0.9,0.86,0.63,0.79,0.92,96.0,9.6573147330322,0.058783270819247536,27580.33637229581,2
736,Finland,2018,0.93,0.9,0.91,0.62,0.76,0.92,96.0,9.01765355032152,0.057258507034688017,29747.799867664093,2
737,Finland,2019,0.93,0.91,0.97,0.63,0.77,0.91,96.0,9.21470120593618,0.05792909563112447,29019.409391355344,2
738,Finland,2020,0.92,0.89,0.93,0.63,0.79,0.91,99.0,9.98230025285834,0.05979792857111785,29319.684809466173,2
739,Finland,2021,0.91,0.86,0.95,0.61,0.79,0.91,99.0,10.2937538536253,0.060794288647028384,31943.922634479917,2
740,Finland,2022,0.9,0.84,0.9,0.61,0.78,0.9,99.0,9.62392843667484,0.0658560800229289,29975.871511156554,2
741,Finland,2023,0.9,0.84,0.89,0.61,0.8,0.91,99.0,9.71402259549133,0.07809510088987197,32637.637781048263,2
742,France,2010,0.93,0.82,0.73,0.81,0.85,0.91,86.5,26.3233800074675,0.059971827615280894,28775.57302011138,2
743,France,2011,0.93,0.82,0.73,0.81,0.84,0.91,86.5,25.1193585926138,0.05795929766161073,30872.38073276189,2
744,France,2012,0.94,0.78,0.73,0.81,0.87,0.91,92.5,26.6906319566323,0.05502259027548764,28766.115352699828,2
745,France,2013,0.95,0.83,0.72,0.8,0.83,0.91,93.5,27.1817177565412,0.0552493406055484,30043.22897597443,2
746,France,2014,0.92,0.76,0.72,0.8,0.85,0.91,93.5,27.4702736686884,0.055238160274060095,30388.411012366723,2
747,France,2015,0.91,0.8,0.7,0.79,0.82,0.91,93.5,28.2116908505326,0.05799601448882565,25805.117329707075,2
748,France,2016,0.91,0.78,0.7,0.79,0.8,0.92,93.5,27.9331801598168,0.058842518897245934,26140.205199006494,2
749,France,2017,0.9,0.84,0.72,0.78,0.79,0.93,93.5,26.0180218998669,0.05736216849377858,27230.029990893036,2
750,France,2018,0.92,0.89,0.75,0.76,0.8,0.93,95.5,25.9347849255776,0.05741560624477145,29049.343339832005,2
751,France,2019,0.91,0.9,0.8,0.75,0.79,0.92,95.5,26.9265976407414,0.05891518224425586,28330.313515541326,2
752,France,2020,0.89,0.89,0.78,0.74,0.77,0.93,95.5,23.2288357249977,0.06545031745762421,27801.598742341506,2
753,France,2021,0.88,0.89,0.79,0.73,0.76,0.93,95.5,21.9247132369801,0.06042458966156455,30902.090261305355,2
754,France,2022,0.9,0.9,0.77,0.73,0.74,0.93,95.5,22.9831834447063,0.05833839828396087,29412.440993118416,2
755,France,2023,0.9,0.92,0.76,0.73,0.76,0.93,95.5,23.6797082010726,0.062101877095210485,31384.818202573337,2
756,Gabon,2010,0.39,0.34,0.33,0.06,0.66,0.67,39.5,25.275426003424,0.010652902316142382,2576.18730368637,1
757,Gabon,2011,0.42,0.36,0.33,0.1,0.63,0.69,43.5,11.109422045248,0.011096586420959563,2619.421363115576,1
758,Gabon,2012,0.44,0.34,0.33,0.1,0.67,0.71,51.5,4.21780645982753,0.013418392057669865,2552.5460179758393,1
759,Gabon,2013,0.41,0.46,0.32,0.07,0.5,0.74,55.5,0.959610778989352,0.00987870706276938,2723.0514511510364,1
760,Gabon,2014,0.35,0.47,0.32,0.09,0.55,0.74,55.5,1.62733225676286,0.00783957075568824,3006.9130195160938,1
761,Gabon,2015,0.36,0.47,0.32,0.05,0.5,0.74,60.5,1.08108554856956,0.010160901650675819,2750.4366193467677,1
762,Gabon,2016,0.41,0.48,0.32,0.11,0.37,0.74,60.5,1.5764201645108,0.008883442572586428,2787.196825507469,1
763,Gabon,2017,0.25,0.38,0.33,0.1,0.28,0.71,63.5,3.2278177583876,0.011002495938813715,2952.0980659310585,1
764,Gabon,2018,0.35,0.51,0.34,0.1,0.34,0.73,63.0,2.99535648763002,0.009113440547243523,3134.965449644111,1
765,Gabon,2019,0.33,0.53,0.37,0.1,0.26,0.73,64.0,2.34638668892119,0.009736450565631511,3011.4731447167446,1
766,Gabon,2020,0.34,0.62,0.36,0.12,0.25,0.72,64.0,2.38973424083547,0.010939601902579244,2960.473787778599,1
767,Gabon,2021,0.32,0.57,0.36,0.11,0.29,0.72,64.0,1.48332589633571,0.011924245238186493,3156.057327545266,1
768,Gabon,2022,0.33,0.54,0.35,0.15,0.34,0.72,64.0,3.90758494231998,0.011478009704808804,2811.877041029235,1
769,Gabon,2023,0.32,0.58,0.35,0.16,0.26,0.73,64.0,1.77313570365975,0.009062915980118443,2950.1993454755757,1
770,"Gambia, The",2010,0.24,0.31,0.12,0.0,0.44,0.69,73.6666666667,4.04358991360509,0.028567339673504513,394.1127219087801,1
771,"Gambia, The",2011,0.28,0.31,0.12,0.04,0.5,0.7,73.6666666667,4.04358991360509,0.028567339673504513,390.12544591694154,1
772,"Gambia, The",2012,0.27,0.27,0.12,0.08,0.51,0.7,73.6666666667,0.175014730257325,0.014019842679669383,377.11788672665085,1
773,"Gambia, The",2013,0.2,0.3,0.12,0.03,0.29,0.7,73.6666666667,3.42115369844074,0.012191780208198041,360.4503017060975,1
774,"Gambia, The",2014,0.11,0.31,0.12,0.03,0.33,0.69,72.6666666667,0.0,0.024414405878781964,320.5745569489177,1
775,"Gambia, The",2015,0.12,0.29,0.12,0.07,0.26,0.69,72.6666666667,1.06493506493507,0.013476363160006288,321.4761020780583,1
776,"Gambia, The",2016,0.25,0.3,0.13,0.05,0.27,0.7,72.6666666667,0.0,0.016911853526961774,317.2147948349562,1
777,"Gambia, The",2017,0.16,0.38,0.14,0.0,0.31,0.66,72.6666666667,0.360381487082307,0.011254893295359515,343.2700153446968,1
778,"Gambia, The",2018,0.23,0.41,0.15,0.03,0.34,0.67,72.6666666667,1.74152996206824,0.02092931777328287,382.250900289326,1
779,"Gambia, The",2019,0.22,0.4,0.17,0.03,0.31,0.68,72.6666666667,0.0409548386308044,0.02217582791755322,404.3360947863108,1
780,"Gambia, The",2020,0.18,0.42,0.17,0.07,0.17,0.68,72.6666666667,0.886698821678881,0.023422338061823568,388.64750845218515,1
781,"Gambia, The",2021,0.15,0.4,0.18,0.09,0.11,0.68,72.6666666667,0.0007359778735612,0.0226769135721306,417.4762296242522,1
782,"Gambia, The",2022,0.15,0.39,0.18,0.06,0.13,0.69,72.6666666667,3.21248823002167,0.047935784835667766,465.1992139893646,1
783,"Gambia, The",2023,0.17,0.4,0.18,0.09,0.22,0.69,72.6666666667,2.3423098344067,0.024579475966521734,485.8869543305045,1
784,Georgia,2010,0.5,0.53,0.51,0.11,0.58,0.81,77.5,2.03327277161263,0.03252597635998367,2049.3136421665595,1
785,Georgia,2011,0.51,0.54,0.51,0.09,0.56,0.81,82.5,1.50732974628933,0.04339427924579707,2521.917867408385,1
786,Georgia,2012,0.55,0.66,0.52,0.14,0.57,0.82,84.5,2.49354227764651,0.043419038451122646,2784.9430483256606,1
787,Georgia,2013,0.53,0.71,0.52,0.13,0.4,0.83,84.5,2.53840261675226,0.03132722600644729,2910.1618867756347,1
788,Georgia,2014,0.49,0.72,0.53,0.14,0.47,0.84,86.5,3.07726524855447,0.03845840582686338,2953.6938845411673,1
789,Georgia,2015,0.5,0.7,0.54,0.15,0.47,0.85,86.5,5.78910466719946,0.036944155054768085,2467.993268008703,1
790,Georgia,2016,0.57,0.71,0.54,0.14,0.39,0.87,90.5,3.44853487096684,0.03946624770979032,2515.5705446551083,1
791,Georgia,2017,0.52,0.7,0.56,0.17,0.44,0.87,90.5,2.96686397314837,0.03322066276277045,2577.302643181705,1
792,Georgia,2018,0.55,0.7,0.58,0.19,0.43,0.88,90.5,2.88677086815774,0.03149652616347005,2803.1471318513454,1
793,Georgia,2019,0.55,0.71,0.62,0.2,0.43,0.88,90.5,2.0768413554362,0.02759727291828968,2849.4982979421857,1
794,Georgia,2020,0.55,0.73,0.62,0.19,0.42,0.89,90.5,2.1252867712654,0.02463465928423554,2489.7066941852104,1
795,Georgia,2021,0.52,0.68,0.61,0.2,0.44,0.88,90.5,1.60289302245774,0.024462432689980038,2984.005646197929,1
796,Georgia,2022,0.52,0.66,0.6,0.19,0.46,0.87,90.5,2.94920090255456,0.02525816271117995,3973.9236982667485,1
797,Georgia,2023,0.51,0.66,0.6,0.2,0.43,0.88,90.5,2.29303754401881,0.027045406184666287,5140.506985245929,1
798,Germany,2010,0.93,0.7,0.78,0.88,0.87,0.91,91.0,16.8896855327149,0.08096774705373676,26585.507764231304,2
799,Germany,2011,0.98,0.89,0.78,0.88,0.87,0.9,92.0,16.3417186285114,0.07529999975559037,29552.096274387997,2
800,Germany,2012,1.0,0.85,0.77,0.88,0.89,0.9,90.0,17.2272861923698,0.07145965387141551,27644.727028479145,2
801,Germany,2013,1.0,0.89,0.76,0.86,0.85,0.9,93.0,17.2979906043683,0.07179370797566105,29438.8259852354,2
802,Germany,2014,0.97,0.82,0.77,0.86,0.87,0.89,94.0,17.2097149731509,0.0733348877310153,30500.14367564992,2
803,Germany,2015,0.96,0.82,0.76,0.85,0.85,0.89,93.0,17.8243752766447,0.07569314051618917,26251.22146292971,2
804,Germany,2016,0.95,0.8,0.75,0.84,0.83,0.9,94.0,18.0827014214761,0.07824513131397541,26782.703057146195,2
805,Germany,2017,0.95,0.88,0.76,0.83,0.84,0.9,94.0,15.850578794452,0.0833757669060222,28466.67478438052,2
806,Germany,2018,0.95,0.9,0.79,0.81,0.83,0.9,93.0,15.7474335584013,0.08212738756411277,30712.661265805807,2
807,Germany,2019,0.94,0.89,0.85,0.81,0.82,0.9,93.0,16.3869405629417,0.0827096108530381,30026.633860244987,2
808,Germany,2020,0.92,0.88,0.83,0.8,0.82,0.9,94.5,15.5031959869375,0.08639018671564688,30273.53859645217,2
809,Germany,2021,0.91,0.87,0.83,0.79,0.82,0.89,94.5,15.3851048227765,0.08860434948092567,33265.51385039701,2
810,Germany,2022,0.92,0.86,0.81,0.79,0.81,0.89,94.5,17.4981505573659,0.09054958214859536,32061.882315671606,2
811,Germany,2023,0.93,0.86,0.8,0.8,0.82,0.9,94.5,17.7818374796623,0.1007302287859077,34846.48614688021,2
812,Ghana,2010,0.33,0.3,0.21,0.16,0.5,0.74,70.3333333333,2.40120522287488,0.02038392422493142,608.9580866617324,1
813,Ghana,2011,0.38,0.41,0.23,0.16,0.48,0.74,75.3333333333,1.7061593383626,0.020409822507244137,691.0820813130003,1
814,Ghana,2012,0.42,0.5,0.24,0.17,0.54,0.76,76.3333333333,7.59366611332559,0.024907295360255873,734.5738055161075,1
815,Ghana,2013,0.37,0.56,0.24,0.18,0.32,0.74,77.3333333333,5.10093163620251,0.01938391734789049,931.4243816697633,1
816,Ghana,2014,0.3,0.54,0.23,0.18,0.32,0.75,79.333333333,6.74454036554641,0.02926304694580323,729.5325356976166,1
817,Ghana,2015,0.38,0.54,0.23,0.18,0.47,0.76,79.333333333,7.58597579597383,0.025579986507879304,697.9859796682459,1
818,Ghana,2016,0.45,0.55,0.25,0.19,0.44,0.76,79.333333333,2.29813974435795,0.024688421809865847,839.8832790716865,1
819,Ghana,2017,0.37,0.52,0.26,0.2,0.43,0.75,79.333333333,4.42717231922926,0.019477700126674345,874.9997973730582,1
820,Ghana,2018,0.44,0.55,0.27,0.21,0.49,0.74,80.0,8.30535420920506,0.01909059144311883,958.8841302836238,1
821,Ghana,2019,0.37,0.41,0.29,0.23,0.43,0.73,80.0,1.14325401056793,0.012543910767129329,987.0826692334979,1
822,Ghana,2020,0.42,0.61,0.3,0.23,0.49,0.72,81.0,0.9346693021441186,0.016024750530584424,992.0860804397255,1
823,Ghana,2021,0.4,0.62,0.31,0.24,0.4,0.72,81.0,0.726084593720307,0.01950559029403952,1108.2077476827446,1
824,Ghana,2022,0.42,0.6,0.31,0.27,0.4,0.72,81.0,1.95740716852014,0.012582515052047336,953.8589771894647,1
825,Ghana,2023,0.4,0.58,0.3,0.26,0.4,0.7,81.0,2.11003762211445,0.01322101539233274,1027.7670731158396,1
826,Greece,2010,0.72,0.64,0.67,0.51,0.63,0.93,81.5,11.5956558548605,0.03290504664027216,18714.505999864046,2
827,Greece,2011,0.73,0.65,0.67,0.49,0.63,0.93,81.5,11.2505862199212,0.03612184688935986,17906.819107676172,2
828,Greece,2012,0.74,0.62,0.68,0.52,0.65,0.93,85.5,10.1435850577284,0.03771633348008448,15110.054396463345,2
829,Greece,2013,0.74,0.73,0.69,0.49,0.52,0.93,88.0,8.47893188139786,0.02793974252265686,15139.433586108556,2
830,Greece,2014,0.69,0.68,0.69,0.49,0.57,0.93,88.0,11.5060312558605,0.023777243083099312,15151.779000774668,2
831,Greece,2015,0.69,0.68,0.68,0.49,0.53,0.93,88.0,12.9218253082768,0.025774561595847352,12586.672306850005,2
832,Greece,2016,0.74,0.67,0.68,0.49,0.5,0.93,90.0,13.7270081175833,0.02777459906058625,12431.899803619739,2
833,Greece,2017,0.7,0.75,0.7,0.47,0.52,0.93,90.0,12.1148895809545,0.025113448139466105,13035.85180668349,2
834,Greece,2018,0.73,0.79,0.74,0.48,0.52,0.92,91.0,12.9551889486437,0.024179347033740896,13815.3213930551,2
835,Greece,2019,0.74,0.79,0.81,0.5,0.53,0.9,91.0,12.5222555558252,0.028293212109021314,13481.000285499285,2
836,Greece,2020,0.74,0.81,0.8,0.5,0.57,0.89,91.0,13.2518669714424,0.033202552705556436,12460.27068074876,2
837,Greece,2021,0.72,0.76,0.82,0.52,0.56,0.86,91.0,12.2848681524393,0.035845872675649315,14237.91179597561,2
838,Greece,2022,0.73,0.77,0.8,0.52,0.55,0.85,91.0,14.4708651762207,0.03668011473435423,14144.137544879592,2
839,Greece,2023,0.72,0.8,0.79,0.53,0.55,0.85,91.0,15.1515337740903,0.04013397265118137,16029.054832897345,2
840,Guatemala,2010,0.38,0.32,0.29,0.06,0.63,0.78,34.0,6.33675998210945,0.02069192174056048,1668.276611312016,1
841,Guatemala,2011,0.39,0.32,0.29,0.08,0.61,0.78,36.0,4.97164484250859,0.020040195795699198,1868.969304946463,1
842,Guatemala,2012,0.39,0.29,0.27,0.08,0.64,0.81,48.5,5.07039725439092,0.021795762947483446,1956.454732225194,1
843,Guatemala,2013,0.36,0.4,0.24,0.09,0.5,0.81,48.5,5.14501106587835,0.022071247818498778,2095.398800954395,1
844,Guatemala,2014,0.32,0.46,0.24,0.11,0.53,0.81,48.5,5.38681285513024,0.02252872840191439,2246.6378722141026,1
845,Guatemala,2015,0.32,0.46,0.25,0.08,0.5,0.82,48.5,5.4761635770507,0.021783928238497615,2392.52051837842,1
846,Guatemala,2016,0.44,0.53,0.23,0.13,0.47,0.83,52.0,5.81591535262668,0.02291269850412224,2512.691278264822,1
847,Guatemala,2017,0.36,0.56,0.23,0.1,0.49,0.83,53.5,5.34358147059366,0.022123314373845,2702.005017822185,1
848,Guatemala,2018,0.39,0.55,0.24,0.06,0.47,0.83,58.5,5.31041212978891,0.02210024822233556,2744.9257771716616,1
849,Guatemala,2019,0.38,0.54,0.25,0.13,0.46,0.82,59.5,4.91934688390265,0.022223800080094478,2821.019251396219,1
850,Guatemala,2020,0.39,0.59,0.24,0.14,0.51,0.81,66.0,6.05086394466785,0.022112024582223958,2777.391512323264,1
851,Guatemala,2021,0.35,0.56,0.24,0.09,0.49,0.81,66.0,5.16708104325419,0.023960455662067098,3043.8386378616424,1
852,Guatemala,2022,0.36,0.55,0.23,0.11,0.48,0.82,66.0,4.97162403170951,0.022027702772867294,3308.6182091072737,1
853,Guatemala,2023,0.37,0.59,0.25,0.14,0.46,0.83,66.0,5.77662450839393,0.024771627037357836,3535.796698894583,1
854,Guinea,2010,0.26,0.12,0.12,0.04,0.72,0.6,67.3333333333,2.49689033719174,0.02347829739148822,286.1358560980681,1
855,Guinea,2011,0.26,0.14,0.13,0.0,0.63,0.66,67.3333333333,2.49689033719174,0.02347829739148822,279.3595627207138,1
856,Guinea,2012,0.27,0.12,0.13,0.0,0.67,0.65,67.3333333333,2.49689033719174,0.02347829739148822,295.28815829887174,1
857,Guinea,2013,0.24,0.16,0.13,0.0,0.57,0.67,67.3333333333,2.49689033719174,0.02347829739148822,325.7683807613596,1
858,Guinea,2014,0.16,0.21,0.13,0.03,0.41,0.7,71.3333333333,5.08202455279598,0.026623204208470943,331.7171594147342,1
859,Guinea,2015,0.14,0.2,0.14,0.08,0.34,0.72,74.3333333333,0.959602493970672,0.020345803296282272,340.0939422404736,1
860,Guinea,2016,0.25,0.25,0.14,0.05,0.19,0.72,78.3333333333,0.899971742078623,0.008376218593693044,298.5352209287983,1
861,Guinea,2017,0.16,0.29,0.15,0.0,0.3,0.7,78.3333333333,0.899971742078623,0.008376218593693044,316.27988647123743,1
862,Guinea,2018,0.24,0.27,0.17,0.05,0.33,0.7,78.3333333333,0.899971742078623,0.008376218593693044,327.3358116643279,1
863,Guinea,2019,0.25,0.32,0.19,0.0,0.41,0.7,78.3333333333,0.899971742078623,0.008376218593693044,363.0613592697309,1
864,Guinea,2020,0.2,0.4,0.2,0.08,0.2,0.69,78.3333333333,0.899971742078623,0.008376218593693044,387.2915572065523,1
865,Guinea,2021,0.16,0.31,0.21,0.08,0.2,0.68,77.3333333333,0.899971742078623,0.008376218593693044,450.2785828416348,1
866,Guinea,2022,0.17,0.3,0.2,0.05,0.24,0.69,76.3333333333,0.899971742078623,0.008376218593693044,531.5029522579616,1
867,Guinea,2023,0.19,0.36,0.2,0.12,0.21,0.69,76.3333333333,0.899971742078623,0.008376218593693044,578.8767051375512,1
868,Guinea-Bissau,2010,0.22,0.2,0.16,0.0,0.38,0.65,37.3333333333,5.80645161290323,0.008571345859405916,244.86157195447305,1
869,Guinea-Bissau,2011,0.23,0.17,0.17,0.04,0.38,0.68,37.3333333333,5.80645161290323,0.008571345859405916,304.14256995629,1
870,Guinea-Bissau,2012,0.24,0.11,0.17,0.04,0.39,0.72,37.3333333333,5.80645161290323,0.008571345859405916,265.5092752456884,1
871,Guinea-Bissau,2013,0.15,0.12,0.17,0.0,0.12,0.72,37.3333333333,5.80645161290323,0.008571345859405916,274.32887392876245,1
872,Guinea-Bissau,2014,0.11,0.13,0.16,0.0,0.32,0.73,40.3333333333,5.80645161290323,0.008571345859405916,285.33547579305184,1
873,Guinea-Bissau,2015,0.11,0.15,0.16,0.05,0.21,0.68,40.3333333333,5.80645161290323,0.008571345859405916,290.9889086251278,1
874,Guinea-Bissau,2016,0.23,0.25,0.16,0.0,0.25,0.68,40.3333333333,5.80645161290323,0.008571345859405916,308.7472949778546,1
875,Guinea-Bissau,2017,0.18,0.33,0.17,0.0,0.26,0.72,40.3333333333,5.80645161290323,0.008571345859405916,353.0579043554696,1
876,Guinea-Bissau,2018,0.23,0.31,0.19,0.0,0.24,0.74,40.3333333333,5.80645161290323,0.008571345859405916,363.41390384067785,1
877,Guinea-Bissau,2019,0.24,0.34,0.21,0.0,0.32,0.73,40.3333333333,5.80645161290323,0.008571345859405916,385.6804687857291,1
878,Guinea-Bissau,2020,0.23,0.33,0.2,0.0,0.35,0.73,50.3333333333,5.80645161290323,0.008571345859405916,399.40870040626993,1
879,Guinea-Bissau,2021,0.15,0.23,0.21,0.0,0.25,0.73,50.3333333333,5.80645161290323,0.008571345859405916,398.6321627503217,1
880,Guinea-Bissau,2022,0.13,0.14,0.2,0.0,0.24,0.74,50.3333333333,5.80645161290323,0.008571345859405916,383.81692950407,1
881,Guinea-Bissau,2023,0.15,0.29,0.2,0.0,0.18,0.74,50.3333333333,5.80645161290323,0.008571345859405916,416.41899937552284,1
882,Guyana,2010,0.4,0.41,0.31,0.0,0.59,0.78,33.0,0.189114950894458,0.015110039108479453,1904.3899457028306,1
883,Guyana,2011,0.42,0.41,0.32,0.0,0.58,0.79,35.0,0.230409935780988,0.012425362810350457,2117.3990920534125,1
884,Guyana,2012,0.45,0.43,0.35,0.0,0.63,0.8,37.0,0.123526350419182,0.019766791885413297,2341.1815501365827,1
885,Guyana,2013,0.34,0.39,0.34,0.0,0.33,0.81,38.0,0.296978506662254,0.012887851843909816,2387.193422568848,1
886,Guyana,2014,0.3,0.39,0.35,0.08,0.38,0.82,38.0,0.217317494688255,0.01472517977574985,2450.8517470899956,1
887,Guyana,2015,0.35,0.52,0.35,0.07,0.36,0.82,38.0,0.177560753383893,0.016113480237415347,2487.703666840709,1
888,Guyana,2016,0.43,0.51,0.35,0.07,0.32,0.83,41.0,0.197005796128114,0.01917016790425491,2600.913784280504,1
889,Guyana,2017,0.31,0.44,0.36,0.05,0.33,0.82,41.0,0.090739337395843,0.016639259370346535,2738.56889733009,1
890,Guyana,2018,0.39,0.57,0.39,0.0,0.3,0.83,61.5,0.215510365907189,0.021943150187121327,2779.4899634061644,1
891,Guyana,2019,0.42,0.61,0.42,0.07,0.38,0.82,63.5,0.300824820520728,0.01654926727555461,2864.253513707639,1
892,Guyana,2020,0.4,0.62,0.42,0.1,0.3,0.82,70.5,2.61088124497344,0.016458753050818696,2637.108325899334,1
893,Guyana,2021,0.39,0.66,0.43,0.06,0.3,0.8,69.5,0.221685101474626,0.011838460358161234,3041.493219496077,1
894,Guyana,2022,0.41,0.68,0.41,0.06,0.32,0.76,68.5,0.123954109320186,0.007615829569715943,3451.8969265161986,1
895,Guyana,2023,0.42,0.73,0.41,0.09,0.32,0.77,68.5,15.7138926801315,0.01043380213844464,3842.3374735994666,1
896,Honduras,2010,0.35,0.33,0.26,0.04,0.48,0.85,59.1666666667,2.63147112668519,0.027895262928932067,1148.0274023087104,1
897,Honduras,2011,0.36,0.34,0.24,0.06,0.45,0.84,61.1666666667,1.7275797030392,0.025795869099779618,1207.0021688191428,1
898,Honduras,2012,0.34,0.31,0.24,0.04,0.47,0.85,61.1666666667,2.79523111001148,0.04096983543245229,1246.2463216516412,1
899,Honduras,2013,0.27,0.32,0.23,0.0,0.27,0.86,61.1666666667,2.68750800538261,0.043750029314916644,1268.9393277762604,1
900,Honduras,2014,0.22,0.41,0.23,0.0,0.33,0.86,74.8333333333,2.57978490075374,0.046530223197381,1311.2848111282735,1
901,Honduras,2015,0.25,0.45,0.21,0.07,0.26,0.86,74.8333333333,1.30847133128199,0.06644093757087191,1336.2181835963195,1
902,Honduras,2016,0.36,0.46,0.21,0.03,0.24,0.88,74.8333333333,2.83717179282699,0.04778254411828236,1347.036641957539,1
903,Honduras,2017,0.32,0.54,0.23,0.1,0.32,0.87,74.8333333333,3.12358554921908,0.04388611469952055,1371.7828386978929,1
904,Honduras,2018,0.36,0.52,0.21,0.12,0.28,0.88,75.8333333333,1.96264426487614,0.03417468363246973,1413.2012767716722,1
905,Honduras,2019,0.35,0.51,0.24,0.15,0.28,0.88,75.8333333333,1.96086912582269,0.024184115225158096,1453.1510371056333,1
906,Honduras,2020,0.36,0.55,0.25,0.18,0.3,0.88,75.8333333333,4.06990705871472,0.048182382683355174,1360.6724990090459,1
907,Honduras,2021,0.32,0.53,0.24,0.17,0.26,0.87,75.8333333333,1.4495499920383,0.05330852720616981,1587.1909456358615,1
908,Honduras,2022,0.34,0.56,0.23,0.18,0.28,0.88,75.8333333333,2.37923277632977,0.059645255459280636,1715.5614651486565,1
909,Honduras,2023,0.32,0.58,0.23,0.17,0.25,0.89,75.8333333333,3.30891556062124,0.06598198371239146,1858.1059631741768,1
910,"Hong Kong SAR, China",2010,0.85,0.81,0.72,0.47,0.87,0.98,78.5,36.7951856043078,0.14697731885518384,29592.384176629937,3
911,"Hong Kong SAR, China",2011,0.85,0.81,0.7,0.48,0.86,0.98,81.5,20.8091003887555,0.13529797838378674,32158.32948050908,2
912,"Hong Kong SAR, China",2012,0.92,1.0,0.71,0.49,0.88,0.98,82.5,18.4954233328322,0.1255769937895841,33763.54951676466,2
913,"Hong Kong SAR, China",2013,0.85,0.82,0.7,0.47,0.83,0.99,82.5,13.9010183381569,0.12367898505783621,34991.178197127694,2
914,"Hong Kong SAR, China",2014,0.89,1.0,0.7,0.46,0.88,0.99,82.5,11.3905603813352,0.14613741142144362,36475.50362542223,2
915,"Hong Kong SAR, China",2015,0.88,0.96,0.7,0.5,0.86,0.99,82.5,12.3029118452087,0.15219436062766067,38119.76713473029,2
916,"Hong Kong SAR, China",2016,0.9,0.93,0.69,0.53,0.84,1.0,83.5,13.4708648681174,0.16661490871335782,39153.97395462053,2
917,"Hong Kong SAR, China",2017,0.88,0.93,0.7,0.56,0.84,1.0,83.5,61.5548639261037,0.33409044793261555,40914.48422043093,3
918,"Hong Kong SAR, China",2018,0.89,0.92,0.74,0.58,0.85,1.0,83.5,64.6544468445663,0.35677672244687614,43051.477654482995,3
919,"Hong Kong SAR, China",2019,0.9,0.92,0.79,0.59,0.86,1.0,83.5,65.5667246519625,0.3714918680740812,43526.43603606881,3
920,"Hong Kong SAR, China",2020,0.93,0.97,0.78,0.62,0.9,1.0,83.5,69.6513217074644,0.40117830249843794,41234.335357060154,3
921,"Hong Kong SAR, China",2021,0.9,0.91,0.82,0.55,0.91,1.0,84.5,70.5506557214905,0.4262565076712724,44632.08688773887,3
922,"Hong Kong SAR, China",2022,0.91,0.91,0.78,0.56,0.91,1.0,85.5,72.6367726437239,0.4466569600000178,44464.13072316917,3
923,"Hong Kong SAR, China",2023,0.89,0.87,0.78,0.57,0.91,1.0,85.5,72.3154885126867,0.41618632142455164,46199.07050140152,3
924,Hungary,2010,0.8,0.76,0.67,0.5,0.87,0.87,90.5,25.9226978578988,0.12371406888733498,7469.014171830245,2
925,Hungary,2011,0.78,0.62,0.66,0.52,0.86,0.86,90.5,25.1793618785036,0.1192391263408033,7953.294835729417,2
926,Hungary,2012,0.82,0.79,0.66,0.52,0.87,0.85,90.5,21.2196345000288,0.11224370560630707,7148.415679115731,2
927,Hungary,2013,0.8,0.83,0.64,0.48,0.81,0.84,90.5,19.3691523112004,0.11225059113527285,7620.837232004742,2
928,Hungary,2014,0.76,0.77,0.65,0.49,0.83,0.84,92.5,16.6901975118435,0.11690033885146316,7875.774495243342,2
929,Hungary,2015,0.69,0.61,0.63,0.48,0.79,0.82,92.5,17.08325844517,0.12472195014647153,6916.882790118512,2
930,Hungary,2016,0.75,0.75,0.61,0.48,0.77,0.82,92.5,17.5764530213374,0.13021752554125018,7342.507680831609,2
931,Hungary,2017,0.76,0.89,0.6,0.5,0.77,0.82,92.5,17.2630732776764,0.13057458233431662,8241.366765461713,2
932,Hungary,2018,0.77,0.91,0.63,0.49,0.77,0.82,94.0,16.8209858629646,0.1340141803745172,9310.97710703327,2
933,Hungary,2019,0.76,0.89,0.67,0.47,0.76,0.81,94.0,17.3787600622128,0.13794162037113283,9627.666222040762,2
934,Hungary,2020,0.77,0.95,0.64,0.47,0.78,0.82,94.0,17.4648807221778,0.14485931663160348,9306.531771512073,2
935,Hungary,2021,0.75,0.91,0.66,0.48,0.79,0.82,94.0,16.3975126429279,0.14564870346752135,10917.395478761142,2
936,Hungary,2022,0.73,0.8,0.65,0.49,0.79,0.81,94.0,18.4048917258431,0.1480930638763293,10617.417003713663,2
937,Hungary,2023,0.73,0.83,0.65,0.48,0.78,0.81,94.0,18.1090060941165,0.1658212330717231,12954.979752104473,2
938,Iceland,2010,0.76,0.71,0.88,0.22,0.69,0.96,88.0,21.1566266143317,0.0543000661752911,27193.53969177449,2
939,Iceland,2011,0.82,0.88,0.88,0.29,0.68,0.94,88.0,21.0528520977616,0.06020636550970479,29641.828530786206,2
940,Iceland,2012,0.81,0.84,0.89,0.3,0.67,0.93,88.0,15.3938778989576,0.057338862617964455,28976.737254757667,2
941,Iceland,2013,0.79,0.88,0.9,0.24,0.53,0.92,88.0,15.7355558714745,0.05874880639611931,31664.24714644309,2
942,Iceland,2014,0.75,0.81,0.92,0.29,0.56,0.91,86.0,17.1233939798944,0.05668389409960981,35245.81567161332,2
943,Iceland,2015,0.73,0.82,0.9,0.27,0.5,0.9,86.0,20.1396578475779,0.054852183204953914,34586.82187285068,2
944,Iceland,2016,0.78,0.9,0.87,0.26,0.46,0.91,86.0,23.3894322573227,0.054786362146956175,41230.1940325314,2
945,Iceland,2017,0.71,0.85,0.89,0.26,0.43,0.91,86.0,26.3759840115862,0.054359735506676304,47922.84671507833,2
946,Iceland,2018,0.74,0.9,0.91,0.29,0.4,0.92,86.0,23.4740318421698,0.05372326346450093,49351.82537504883,2
947,Iceland,2019,0.76,0.9,0.95,0.3,0.5,0.91,86.0,38.0792033549769,0.053100117608209985,45817.53272059945,2
948,Iceland,2020,0.79,1.0,0.9,0.3,0.48,0.91,86.0,27.9589360661677,0.05581526808470896,39180.90639990177,2
949,Iceland,2021,0.79,1.0,0.92,0.33,0.47,0.91,88.0,33.4874148657273,0.05023643282823074,45596.7992933974,2
950,Iceland,2022,0.79,1.0,0.93,0.31,0.47,0.9,90.0,33.3116292542581,0.05246977454468293,49201.30487611903,2
951,Iceland,2023,0.77,1.0,0.92,0.32,0.45,0.91,90.0,43.4245422764011,0.060932342787382604,53699.803142051736,2
952,India,2010,0.61,0.29,0.25,0.73,0.83,0.85,62.5,7.73016032755592,0.025731434886238986,606.8385077209283,1
953,India,2011,0.67,0.49,0.27,0.73,0.83,0.85,67.5,7.87117262454535,0.02528168406799948,656.8486120730458,1
954,India,2012,0.69,0.44,0.29,0.75,0.84,0.85,67.5,7.70439427946636,0.02383398790656046,661.7924823611436,1
955,India,2013,0.68,0.47,0.29,0.75,0.82,0.85,69.5,8.87350364988968,0.023426557764307653,669.1197210303525,1
956,India,2014,0.64,0.45,0.3,0.75,0.81,0.85,71.5,9.22122174793918,0.023546003042061434,743.1048169932034,1
957,India,2015,0.65,0.43,0.31,0.75,0.79,0.86,71.5,8.02476917234515,0.029782724690408505,756.8936905672202,1
958,India,2016,0.68,0.42,0.31,0.77,0.78,0.86,71.5,7.66325704378624,0.03417708441221411,815.3252906293819,1
959,India,2017,0.61,0.39,0.33,0.77,0.75,0.86,75.5,7.36208114076572,0.0342053910230141,929.6322576072253,1
960,India,2018,0.67,0.48,0.35,0.77,0.74,0.86,76.0,9.04145168835151,0.04064489278689308,952.2878771492464,1
961,India,2019,0.68,0.57,0.35,0.79,0.77,0.85,79.0,10.2237396907979,0.04607884809675383,1022.4486724677754,1
962,India,2020,0.68,0.62,0.34,0.8,0.8,0.85,83.0,11.0325638466576,0.04771162596734672,914.0967414849846,1
963,India,2021,0.67,0.61,0.35,0.82,0.78,0.84,84.0,10.2125596625118,0.046431751182588105,1071.5930404168184,1
964,India,2022,0.71,0.59,0.35,0.85,0.78,0.84,85.0,12.6822794807287,0.046043508278550555,1167.273946077595,2
965,India,2023,0.74,0.62,0.37,0.87,0.82,0.85,85.0,14.9343472986716,0.05630605816553972,1252.5914157362938,2
966,Indonesia,2010,0.5,0.37,0.3,0.34,0.74,0.79,32.0,12.3118145549136,0.047128256769073416,1246.6905478625429,1
967,Indonesia,2011,0.5,0.35,0.32,0.31,0.73,0.8,34.0,10.8171407679199,0.04176987385414295,1452.7114696270053,1
968,Indonesia,2012,0.52,0.32,0.33,0.34,0.75,0.81,34.0,10.871757163658,0.042852187642136566,1484.6323725513396,1
969,Indonesia,2013,0.49,0.34,0.34,0.36,0.63,0.82,34.0,9.67606262852233,0.04291597440909543,1480.7300069320222,1
970,Indonesia,2014,0.42,0.37,0.34,0.33,0.65,0.82,34.0,9.32850761968047,0.04202383050690084,1453.5823571044452,1
971,Indonesia,2015,0.5,0.6,0.33,0.34,0.6,0.83,62.0,8.88987824359938,0.04726065772223217,1424.099028938047,1
972,Indonesia,2016,0.57,0.6,0.34,0.36,0.57,0.84,64.0,7.99860974921307,0.050062695319232485,1536.8308450391107,1
973,Indonesia,2017,0.51,0.58,0.35,0.4,0.58,0.84,64.5,8.44632702628773,0.047355432839924515,1656.8470476861094,1
974,Indonesia,2018,0.56,0.61,0.37,0.45,0.57,0.84,65.0,8.21299200751234,0.047120377086101894,1675.8405985416302,1
975,Indonesia,2019,0.55,0.63,0.4,0.42,0.57,0.83,65.0,8.09206094724751,0.04797325254735137,1816.123285172412,1
976,Indonesia,2020,0.52,0.6,0.39,0.36,0.64,0.82,56.0,8.4247469855579,0.05094495486578706,1711.5620179612517,1
977,Indonesia,2021,0.54,0.6,0.4,0.43,0.68,0.81,56.5,7.20354863986269,0.046008540282589015,1835.8884636109108,1
978,Indonesia,2022,0.54,0.59,0.38,0.46,0.63,0.81,57.0,8.30819306709832,0.04831945419863677,1977.0596710141592,1
979,Indonesia,2023,0.53,0.59,0.37,0.46,0.6,0.82,57.0,9.08308687782522,0.05137154509791991,2090.9291499415694,1
980,"Iran, Islamic Rep.",2010,0.49,0.36,0.41,0.44,0.45,0.85,58.1666666667,4.16820070935246,0.015172371763475356,3217.1478863350258,1
981,"Iran, Islamic Rep.",2011,0.5,0.36,0.42,0.4,0.45,0.85,58.1666666667,4.16820070935246,0.015172371763475356,3910.4108709586926,1
982,"Iran, Islamic Rep.",2012,0.52,0.39,0.43,0.44,0.46,0.85,58.1666666667,2.857960703300335,0.015508689603108573,4091.859341983793,1
983,"Iran, Islamic Rep.",2013,0.49,0.39,0.48,0.44,0.26,0.84,61.6666666667,1.54772069724821,0.01584500744274179,2964.6332218599223,1
984,"Iran, Islamic Rep.",2014,0.42,0.42,0.48,0.39,0.31,0.85,61.6666666663,1.54536499147799,0.014492786925494881,2799.4862042396235,1
985,"Iran, Islamic Rep.",2015,0.45,0.42,0.46,0.45,0.29,0.86,69.6666666663,1.43263391911846,0.016003755437688418,2733.0153233811707,1
986,"Iran, Islamic Rep.",2016,0.58,0.54,0.45,0.47,0.25,0.88,70.0,1.39878294404259,0.017940337880323176,3085.792433978261,1
987,"Iran, Islamic Rep.",2017,0.5,0.57,0.45,0.48,0.3,0.88,75.0,1.36325563923218,0.019138359437596432,3133.610712420093,1
988,"Iran, Islamic Rep.",2018,0.54,0.61,0.47,0.49,0.21,0.88,82.0,0.72469081853253,0.015941996956606332,2395.353584057307,1
989,"Iran, Islamic Rep.",2019,0.55,0.67,0.51,0.48,0.3,0.87,82.0,0.926086511463464,0.026991684683997784,2066.465678497195,1
990,"Iran, Islamic Rep.",2020,0.55,0.63,0.48,0.5,0.4,0.86,83.0,0.746714844738681,0.02410096242734487,1563.1377299517758,1
991,"Iran, Islamic Rep.",2021,0.54,0.62,0.48,0.52,0.43,0.86,84.0,0.380525397860673,0.01924119473381831,2198.5909014443173,1
992,"Iran, Islamic Rep.",2022,0.55,0.63,0.46,0.54,0.4,0.86,85.0,0.814007923197325,0.01565732361496859,2140.6366751406426,1
993,"Iran, Islamic Rep.",2023,0.54,0.63,0.46,0.53,0.4,0.87,85.0,0.814007923197325,0.01565732361496859,2404.92655893986,1
994,Ireland,2010,0.86,0.62,0.76,0.52,1.0,0.95,89.0,22.9145841859064,0.03485040801105796,32460.772282572416,2
995,Ireland,2011,0.92,0.82,0.78,0.51,1.0,0.93,93.0,24.9067720884766,0.03390347554219324,34683.17883617484,2
996,Ireland,2012,0.94,0.78,0.8,0.54,1.0,0.92,93.0,25.5863586944318,0.03025545401364631,32741.866533765493,2
997,Ireland,2013,0.99,0.99,0.8,0.53,1.0,0.92,95.0,24.9839328156584,0.02907690179555235,35482.91974985683,2
998,Ireland,2014,0.97,0.95,0.8,0.53,1.0,0.89,97.0,24.9189231516136,0.02672741666180699,38426.305753042034,2
999,Ireland,2015,0.95,0.95,0.8,0.53,1.0,0.86,99.0,28.3389494347801,0.029739986270142127,34836.552073841805,2
1000,Ireland,2016,0.93,0.92,0.81,0.54,1.0,0.86,99.0,32.8418171476767,0.0504804732400822,35731.25403662318,2
1001,Ireland,2017,0.91,0.85,0.82,0.57,1.0,0.85,99.0,29.3340262522775,0.04372602975151037,40124.61216970178,2
1002,Ireland,2018,0.92,0.87,0.85,0.57,1.0,0.84,99.0,25.0152782298751,0.03525180649276276,45440.49312240308,2
1003,Ireland,2019,0.94,0.88,0.95,0.59,1.0,0.82,99.0,25.9769791902199,0.04825914724141748,47029.311867617034,2
1004,Ireland,2020,0.9,0.87,0.88,0.59,1.0,0.81,99.0,25.8991544690003,0.05131931774282824,48247.869132068336,2
1005,Ireland,2021,0.89,0.86,0.9,0.59,1.0,0.79,99.0,28.4781475271992,0.07466549801565886,57253.85486329765,2
1006,Ireland,2022,0.92,0.87,0.89,0.58,1.0,0.78,99.0,46.7867801497714,0.07089034370788883,56289.17999731585,2
1007,Ireland,2023,0.91,0.86,0.88,0.58,1.0,0.79,99.0,47.7737732849219,0.05175056841568016,64410.03099427756,2
1008,Israel,2010,0.85,0.65,0.76,0.61,0.91,0.88,30.1666666667,19.3753611640664,0.07837811621326167,21003.620592247495,2
1009,Israel,2011,0.86,0.65,0.76,0.61,0.91,0.88,33.1666666667,18.3985722541565,0.0718005895072582,23328.333788118674,2
1010,Israel,2012,0.9,0.73,0.75,0.61,0.92,0.88,59.0,19.8939600431067,0.08118051078835384,22646.644202649517,2
1011,Israel,2013,0.9,0.77,0.74,0.61,0.92,0.87,59.0,19.0362582405147,0.08538938610300471,25055.877891516346,2
1012,Israel,2014,0.87,0.72,0.74,0.62,0.92,0.88,59.0,19.4130528417277,0.08231833267151126,26123.212127757342,2
1013,Israel,2015,0.9,0.8,0.74,0.62,0.93,0.88,64.0,23.6539775366063,0.10896882942326054,24733.392805211635,2
1014,Israel,2016,0.89,0.78,0.73,0.61,0.92,0.89,64.5,21.8196172712291,0.10086526275342886,26050.708523647554,2
1015,Israel,2017,0.87,0.77,0.74,0.61,0.92,0.88,64.5,21.0679788533896,0.07598717324168033,28932.302420940978,2
1016,Israel,2018,0.87,0.77,0.77,0.61,0.91,0.89,65.5,22.5362840096475,0.08327815386528761,29751.80285212388,2
1017,Israel,2019,0.86,0.78,0.82,0.61,0.89,0.88,66.5,23.0916656017552,0.08142365614405145,31204.70747412867,2
1018,Israel,2020,0.87,0.84,0.8,0.61,0.9,0.87,66.5,28.197643074759,0.09349301105895994,31339.351241760694,2
1019,Israel,2021,0.86,0.81,0.82,0.61,0.88,0.87,65.5,29.5956758722761,0.09698523754881355,36976.99010119406,2
1020,Israel,2022,0.88,0.82,0.81,0.62,0.86,0.88,64.5,29.1090540410523,0.09439140801066323,38638.77289300214,2
1021,Israel,2023,0.89,0.85,0.8,0.62,0.88,0.88,64.5,34.9377735824443,0.10897719943260666,37519.04139878495,2
1022,Italy,2010,0.86,0.78,0.7,0.73,0.78,0.91,95.0,8.01620176122679,0.05738870640398348,23826.808634863264,2
1023,Italy,2011,0.86,0.77,0.68,0.73,0.78,0.91,95.0,7.97152825700225,0.05094066028984907,25445.92399174546,2
1024,Italy,2012,0.88,0.73,0.68,0.74,0.8,0.91,95.0,7.59501140176072,0.042775177067752475,23151.375935861073,2
1025,Italy,2013,0.87,0.77,0.66,0.75,0.73,0.91,95.0,7.77207145281516,0.04178582506676745,23743.616071765646,2
1026,Italy,2014,0.83,0.71,0.66,0.74,0.76,0.9,97.0,7.73691381710463,0.04182599569828539,24057.052439984167,2
1027,Italy,2015,0.81,0.7,0.65,0.73,0.71,0.9,97.0,8.15204658018138,0.04432606455237874,20431.306367425455,2
1028,Italy,2016,0.83,0.69,0.64,0.72,0.69,0.91,97.0,8.29074616964551,0.04534519664642504,20836.820030071252,2
1029,Italy,2017,0.81,0.77,0.65,0.72,0.71,0.9,99.0,7.8052686500986,0.0445922822361576,21769.033537127572,2
1030,Italy,2018,0.83,0.82,0.68,0.71,0.7,0.9,99.0,7.47655885813922,0.044958673927371816,23096.24729281541,2
1031,Italy,2019,0.82,0.8,0.74,0.71,0.7,0.89,100.0,7.75802459594121,0.04458146636958237,22348.299347692795,2
1032,Italy,2020,0.81,0.77,0.71,0.71,0.74,0.89,100.0,8.587243012964,0.047786127914268235,21407.349905120645,2
1033,Italy,2021,0.8,0.77,0.73,0.71,0.73,0.88,100.0,7.77024565516253,0.04852949451677892,23893.88253584329,2
1034,Italy,2022,0.81,0.8,0.7,0.71,0.71,0.88,100.0,9.15916231271025,0.0463868243052221,23031.467465078047,2
1035,Italy,2023,0.81,0.81,0.69,0.72,0.72,0.87,100.0,9.9836968942283,0.051772939047808504,25257.95694637952,2
1036,Jamaica,2010,0.43,0.54,0.45,0.0,0.49,0.79,71.5,2.97040987376041,0.02060439907701722,3200.6362343865385,1
1037,Jamaica,2011,0.47,0.56,0.43,0.07,0.51,0.79,71.5,7.33194025703724,0.019695673588413423,3446.503949448559,1
1038,Jamaica,2012,0.45,0.5,0.45,0.09,0.47,0.8,74.5,2.07942728921957,0.017587625058651416,3495.4068870081733,1
1039,Jamaica,2013,0.41,0.54,0.43,0.09,0.29,0.8,74.5,3.56695237646044,0.01860470606371198,3293.4208022489884,1
1040,Jamaica,2014,0.34,0.52,0.42,0.11,0.3,0.8,74.5,4.5720563430337,0.02230578723727722,3166.0198812876856,1
1041,Jamaica,2015,0.33,0.51,0.41,0.1,0.26,0.8,75.5,1.03608493889257,0.027917497239192155,3295.5614691414553,1
1042,Jamaica,2016,0.42,0.51,0.4,0.05,0.24,0.82,77.5,4.12770569220042,0.03074794170660343,3231.3832325409985,1
1043,Jamaica,2017,0.42,0.7,0.41,0.13,0.29,0.84,78.5,5.73932610490372,0.02668475006305648,3342.484041831709,1
1044,Jamaica,2018,0.45,0.74,0.42,0.12,0.21,0.85,78.5,7.9785246172073,0.025114124392779526,3534.3655144093836,1
1045,Jamaica,2019,0.44,0.74,0.45,0.07,0.24,0.85,78.5,4.17241427918592,0.030542087709472702,3593.074902944563,1
1046,Jamaica,2020,0.45,0.78,0.43,0.13,0.25,0.86,78.5,2.35064138351541,0.028681169424327167,3127.925003097258,1
1047,Jamaica,2021,0.41,0.74,0.43,0.09,0.22,0.85,78.5,2.47195001164729,0.026068284534166566,3282.382478574375,1
1048,Jamaica,2022,0.41,0.74,0.41,0.09,0.22,0.85,78.5,1.47098475516758,0.02594785283008128,3905.754752605891,1
1049,Jamaica,2023,0.4,0.77,0.42,0.12,0.18,0.85,78.5,2.64698979146794,0.03178750308266165,4516.609088397611,1
1050,Japan,2010,0.89,0.86,0.52,0.83,0.85,0.96,58.0,19.1226872782363,0.10385341816659058,31722.424511804016,2
1051,Japan,2011,0.89,0.86,0.51,0.83,0.85,0.96,62.0,18.392253763449,0.09121596681043229,34956.64790387818,2
1052,Japan,2012,0.9,0.82,0.51,0.84,0.85,0.96,67.0,18.2382479591573,0.09002607515238921,35260.32493757014,2
1053,Japan,2013,0.9,0.87,0.51,0.83,0.8,0.96,69.0,17.7587589107099,0.09208829376070671,29291.927611165367,2
1054,Japan,2014,0.87,0.8,0.5,0.82,0.83,0.96,69.0,17.7805347199635,0.09576122155492496,27272.907380345863,2
1055,Japan,2015,0.86,0.81,0.49,0.81,0.81,0.96,69.0,18.0454889300336,0.10603935769512082,24400.963851436518,2
1056,Japan,2016,0.87,0.79,0.49,0.8,0.8,0.97,69.0,17.620423854837,0.10778280673108032,27518.359496503355,2
1057,Japan,2017,0.87,0.93,0.5,0.79,0.8,0.97,69.0,17.5942774665502,0.10657871928912285,27003.559891724002,2
1058,Japan,2018,0.87,0.92,0.52,0.77,0.79,0.97,71.5,17.2970528139362,0.10303183209767025,27588.529729260157,2
1059,Japan,2019,0.88,0.95,0.56,0.77,0.79,0.97,73.5,17.0303844450023,0.10360738191389231,28140.689676022284,2
1060,Japan,2020,0.86,0.91,0.54,0.76,0.83,0.97,73.5,18.6333487896777,0.11505843060258986,27809.84746330807,2
1061,Japan,2021,0.85,0.89,0.55,0.75,0.83,0.97,73.5,18.0039913482614,0.11378685263583692,27672.689641539233,2
1062,Japan,2022,0.87,0.9,0.54,0.75,0.81,0.97,73.5,18.2592615351902,0.10728979369450554,23968.148141174024,2
1063,Japan,2023,0.84,0.89,0.53,0.75,0.78,0.98,73.5,17.1028060703212,0.10845996968760259,23608.44573031735,2
1064,Jordan,2010,0.52,0.47,0.41,0.21,0.65,0.88,75.0,2.8620532442926,0.02740509728859289,2198.181500311496,1
1065,Jordan,2011,0.56,0.55,0.41,0.26,0.63,0.88,77.0,2.55058386566186,0.024053586825482164,2324.9083395333073,1
1066,Jordan,2012,0.53,0.51,0.4,0.19,0.66,0.88,77.0,2.36779292773915,0.02059205584461923,2513.130204380261,1
1067,Jordan,2013,0.52,0.55,0.41,0.25,0.53,0.88,77.0,1.68597466970924,0.022667331799578628,2604.5955478722153,1
1068,Jordan,2014,0.46,0.54,0.41,0.27,0.57,0.88,77.0,1.8067119697774,0.02161612084026565,2518.409796450213,1
1069,Jordan,2015,0.45,0.55,0.41,0.22,0.52,0.88,77.0,2.57704311274313,0.02649589984599295,2431.3447369452083,1
1070,Jordan,2016,0.58,0.64,0.4,0.27,0.53,0.89,77.0,3.37782667964516,0.027663980820287447,2419.6937894149796,1
1071,Jordan,2017,0.52,0.64,0.41,0.33,0.53,0.9,77.0,1.81281942554955,0.029797537927103615,2454.3279208137774,1
1072,Jordan,2018,0.56,0.66,0.43,0.34,0.52,0.9,82.0,1.50858480712756,0.030132957317092045,2507.022991885422,1
1073,Jordan,2019,0.55,0.68,0.45,0.35,0.52,0.89,82.0,1.36854381035936,0.031039751183203016,2553.067891484377,1
1074,Jordan,2020,0.55,0.75,0.42,0.36,0.49,0.89,85.0,1.54387858863055,0.023119566714787116,2484.6750038319674,1
1075,Jordan,2021,0.53,0.72,0.42,0.35,0.49,0.89,85.5,1.71367970298807,0.025223987044941273,2545.402021187236,1
1076,Jordan,2022,0.54,0.71,0.42,0.39,0.49,0.89,86.0,1.44968826668558,0.02432192526963352,2618.516377423351,1
1077,Jordan,2023,0.56,0.76,0.42,0.44,0.48,0.9,86.0,2.08415985427159,0.026727756838919283,2714.376996015224,1
1078,Kazakhstan,2010,0.53,0.42,0.57,0.18,0.65,0.82,37.5,35.3582043150333,0.022762739429671712,4544.265097185613,1
1079,Kazakhstan,2011,0.58,0.59,0.57,0.16,0.63,0.82,37.5,25.6813911882094,0.019119704894255417,5518.176751662821,1
1080,Kazakhstan,2012,0.58,0.44,0.57,0.29,0.66,0.82,37.5,31.0076871379505,0.018561121790176282,6176.441931693877,1
1081,Kazakhstan,2013,0.58,0.6,0.58,0.25,0.51,0.82,40.0,38.5352075588581,0.018180833282098886,7167.785617419973,1
1082,Kazakhstan,2014,0.52,0.58,0.58,0.26,0.57,0.83,40.0,39.2634412451113,0.020909858207346213,6815.181439924148,1
1083,Kazakhstan,2015,0.54,0.58,0.57,0.31,0.55,0.83,40.0,43.4296221763068,0.02452011491606111,6046.058851695701,1
1084,Kazakhstan,2016,0.6,0.59,0.55,0.3,0.5,0.82,42.0,32.0985345639872,0.024596509015316927,4325.1712556490065,1
1085,Kazakhstan,2017,0.56,0.7,0.56,0.32,0.48,0.81,42.0,24.2104171386819,0.025544665243380303,5124.782074269484,1
1086,Kazakhstan,2018,0.58,0.7,0.59,0.35,0.45,0.8,42.0,23.5707068133801,0.02415028870164832,5252.941347431187,1
1087,Kazakhstan,2019,0.59,0.7,0.64,0.39,0.48,0.78,42.0,29.2897210078218,0.027359952859983393,5251.377210594259,1
1088,Kazakhstan,2020,0.56,0.67,0.63,0.36,0.48,0.78,43.0,34.0989696117001,0.013275326406990954,4926.670180026452,1
1089,Kazakhstan,2021,0.54,0.64,0.65,0.35,0.48,0.78,45.5,27.3435440636149,0.013775473436350947,5383.0934854815505,1
1090,Kazakhstan,2022,0.57,0.65,0.63,0.34,0.55,0.78,48.0,32.2666497110269,0.012146527869670848,5925.2518471630765,1
1091,Kazakhstan,2023,0.58,0.65,0.63,0.38,0.58,0.79,48.0,34.4293373196596,0.028652135732314517,7256.845007283337,1
1092,Kenya,2010,0.38,0.29,0.24,0.21,0.59,0.78,70.5,6.71761896936788,0.02454840865674462,622.1465321755843,1
1093,Kenya,2011,0.39,0.29,0.24,0.18,0.58,0.79,74.5,5.834779709109987,0.02510190646621555,605.2243194977434,1
1094,Kenya,2012,0.38,0.25,0.24,0.2,0.61,0.79,78.5,4.951940448852093,0.02565540427568648,715.1017662695206,1
1095,Kenya,2013,0.35,0.29,0.24,0.22,0.44,0.8,78.5,4.0691011885942,0.026208902085157408,768.7985708139795,1
1096,Kenya,2014,0.29,0.32,0.24,0.22,0.49,0.82,78.5,4.21759818858705,0.027122316760942084,844.5353824092081,1
1097,Kenya,2015,0.4,0.62,0.24,0.22,0.45,0.82,85.5,4.3660951885799,0.02803573143672676,835.8633507331043,1
1098,Kenya,2016,0.46,0.56,0.24,0.22,0.44,0.83,87.5,7.58623435569943,0.040286672552849144,877.2499267481048,1
1099,Kenya,2017,0.39,0.54,0.25,0.22,0.45,0.82,87.5,3.34859041785183,0.026860539548142208,931.3585458288736,1
1100,Kenya,2018,0.43,0.55,0.27,0.22,0.45,0.82,87.5,3.61296275113367,0.033491332390206484,1028.7615688134472,1
1101,Kenya,2019,0.4,0.5,0.3,0.23,0.43,0.81,89.5,4.59327769222193,0.030587635784235002,1097.0416799200052,1
1102,Kenya,2020,0.38,0.48,0.3,0.24,0.44,0.8,89.5,5.11178261072947,0.028235386268707686,1040.5039112283444,1
1103,Kenya,2021,0.38,0.51,0.31,0.25,0.45,0.8,90.75,3.12736061396888,0.027314585731874553,1136.249319425218,1
1104,Kenya,2022,0.38,0.48,0.3,0.25,0.45,0.8,92.0,2.26073811025712,0.022554011916811133,1169.0062793417464,1
1105,Kenya,2023,0.37,0.45,0.3,0.26,0.49,0.81,92.0,3.04169416728318,0.02293854470979498,1077.6380260294588,1
1106,"Korea, Rep.",2010,0.95,1.0,0.73,0.8,0.8,0.94,77.6666666667,32.1343974843399,0.13352626784988908,13210.061564842932,2
1107,"Korea, Rep.",2011,0.96,1.0,0.72,0.83,0.79,0.94,81.6666666667,28.2133210437189,0.12110849681483529,14315.56220222615,2
1108,"Korea, Rep.",2012,0.97,0.95,0.72,0.83,0.82,0.94,81.6666666667,28.2220757644767,0.13085986970982313,14625.086864226196,2
1109,"Korea, Rep.",2013,0.98,1.0,0.71,0.83,0.76,0.94,81.6666666667,29.8181999078998,0.1448993138182409,15628.49605813102,2
1110,"Korea, Rep.",2014,0.95,0.91,0.71,0.82,0.81,0.94,84.6666666667,30.0608682657817,0.14141347091403403,16926.84914988656,2
1111,"Korea, Rep.",2015,0.95,0.91,0.7,0.83,0.79,0.94,84.6666666667,31.2119270912605,0.16050525468587806,16628.175539703785,3
1112,"Korea, Rep.",2016,0.95,0.94,0.68,0.82,0.78,0.96,84.6666666667,30.5250266717443,0.16703529098469608,16950.39458097086,3
1113,"Korea, Rep.",2017,0.94,0.92,0.69,0.83,0.81,0.95,85.0,32.546316460744,0.18541573501049716,18168.678173805507,3
1114,"Korea, Rep.",2018,0.93,0.9,0.72,0.82,0.81,0.96,76.5,36.3912233579129,0.19333790164321107,19586.425889638816,3
1115,"Korea, Rep.",2019,0.92,0.88,0.77,0.82,0.8,0.96,76.5,32.4050621736765,0.1747399864986813,19259.969769385105,3
1116,"Korea, Rep.",2020,0.91,0.89,0.73,0.82,0.81,0.96,76.5,35.6022265413283,0.19575892466150382,19150.957121853862,3
1117,"Korea, Rep.",2021,0.91,0.88,0.73,0.82,0.82,0.96,76.5,36.014503674486,0.191462974345606,21348.13002565582,3
1118,"Korea, Rep.",2022,0.92,0.9,0.72,0.82,0.81,0.96,76.5,36.118278931217,0.18461710890241032,20221.887225881685,3
1119,"Korea, Rep.",2023,0.93,0.89,0.71,0.83,0.82,0.97,76.5,30.2762799912651,0.17638552041705058,21006.5570136119,3
1120,Kuwait,2010,0.54,0.54,0.48,0.11,0.58,0.89,17.3333333333,3.10999701123585,0.018963052348183154,18445.5182110175,1
1121,Kuwait,2011,0.57,0.61,0.48,0.15,0.57,0.87,17.3333333333,2.77228633864136,0.010484326510637128,19092.303399332868,1
1122,Kuwait,2012,0.59,0.58,0.48,0.16,0.73,0.86,17.3333333333,2.21617658232041,0.011236228528771857,19182.938944762336,1
1123,Kuwait,2013,0.56,0.63,0.47,0.18,0.47,0.87,18.3333333333,1.66006682599946,0.011988130546906586,18937.174958276653,1
1124,Kuwait,2014,0.5,0.6,0.47,0.18,0.47,0.88,18.3333333333,0.133875563433098,0.012798061053162045,18710.68717207175,1
1125,Kuwait,2015,0.49,0.55,0.47,0.18,0.44,0.92,18.3333333333,0.127480427408837,0.017825924579946577,17462.673428390273,1
1126,Kuwait,2016,0.6,0.56,0.5,0.2,0.42,0.93,53.6666666667,0.147979853189137,0.023572816280915752,16588.3305084224,1
1127,Kuwait,2017,0.54,0.68,0.49,0.2,0.49,0.92,62.0,0.203527625358479,0.021663874186667497,16495.914560736994,1
1128,Kuwait,2018,0.61,0.69,0.53,0.21,0.58,0.92,68.0,4.11848740218315,0.019362314253970506,16595.580120474937,1
1129,Kuwait,2019,0.64,0.72,0.57,0.21,0.71,0.91,71.0,0.902769586911871,0.016760746084641166,17313.28677127647,1
1130,Kuwait,2020,0.63,0.78,0.56,0.23,0.66,0.9,72.0,1.34985090816492,0.01966562473032702,16898.704500078835,1
1131,Kuwait,2021,0.59,0.77,0.59,0.24,0.45,0.9,72.0,1.1917798374399,0.014203052465543604,18195.933402372535,1
1132,Kuwait,2022,0.61,0.79,0.57,0.26,0.48,0.9,72.0,0.716354808280746,0.012203613050947016,17920.220988065197,1
1133,Kuwait,2023,0.63,0.8,0.56,0.26,0.6,0.91,72.0,1.78499656846825,0.01295123078032433,17744.62400923594,1
1134,Kyrgyz Republic,2010,0.42,0.36,0.38,0.0,0.76,0.72,51.0,1.23075543833002,0.022523184620742202,432.67615618183925,1
1135,Kyrgyz Republic,2011,0.41,0.35,0.35,0.07,0.64,0.71,51.0,3.95316862839585,0.01999340523904114,534.8483192102242,1
1136,Kyrgyz Republic,2012,0.41,0.38,0.35,0.06,0.64,0.73,51.0,4.78258891603824,0.029377335198404343,596.4541636243692,1
1137,Kyrgyz Republic,2013,0.38,0.42,0.36,0.07,0.51,0.74,57.0,5.43346578761496,0.03082524386243025,630.1751842311884,1
1138,Kyrgyz Republic,2014,0.31,0.43,0.36,0.05,0.53,0.77,61.0,2.04825761793663,0.02434683062370239,640.0014670750297,1
1139,Kyrgyz Republic,2015,0.31,0.42,0.36,0.07,0.45,0.78,63.0,12.2460206170046,0.024030479417868834,576.5956312847572,1
1140,Kyrgyz Republic,2016,0.42,0.45,0.35,0.09,0.42,0.78,65.0,19.631318350849,0.02479166020131521,553.2738373529287,1
1141,Kyrgyz Republic,2017,0.33,0.48,0.37,0.1,0.39,0.78,65.0,17.6123403863741,0.02738903977132465,609.87015331214,1
1142,Kyrgyz Republic,2018,0.37,0.55,0.37,0.07,0.31,0.79,65.0,8.05189045843038,0.02541955671986481,638.7784953172626,1
1143,Kyrgyz Republic,2019,0.38,0.58,0.4,0.13,0.28,0.78,65.0,6.7384784764513,0.02791415497820548,715.6379869861557,1
1144,Kyrgyz Republic,2020,0.39,0.64,0.38,0.14,0.31,0.79,68.0,8.74655092791846,0.02257464682580647,623.2314505093974,1
1145,Kyrgyz Republic,2021,0.38,0.62,0.41,0.15,0.34,0.77,68.0,16.298726070934,0.02065704872386483,688.984762359536,1
1146,Kyrgyz Republic,2022,0.4,0.64,0.4,0.16,0.41,0.76,68.0,10.5540520111457,0.022732918300238297,887.5276976955452,1
1147,Kyrgyz Republic,2023,0.39,0.65,0.4,0.16,0.35,0.77,68.0,16.3335372866981,0.023376838065931466,1096.8940066670177,1
1148,Lao PDR,2010,0.3,0.29,0.19,0.09,0.48,0.77,16.6666666667,6.32582354738959,0.025827997017754515,490.5782709067989,1
1149,Lao PDR,2011,0.31,0.29,0.2,0.07,0.45,0.76,16.6666666667,8.16197281416912,0.02834642867636392,568.7752869896773,1
1150,Lao PDR,2012,0.32,0.25,0.22,0.14,0.47,0.77,16.6666666667,8.77232288985581,0.022193607708903277,627.8076881691992,1
1151,Lao PDR,2013,0.28,0.35,0.22,0.12,0.27,0.77,16.6666666667,9.813602077611,0.053599886433371755,770.1777335490718,1
1152,Lao PDR,2014,0.22,0.35,0.23,0.05,0.48,0.77,32.666666667,24.994342418799,0.051900939801255506,874.7808828002042,1
1153,Lao PDR,2015,0.25,0.35,0.25,0.08,0.49,0.77,32.666666667,35.1801655460758,0.030460348428290786,936.8297556129818,1
1154,Lao PDR,2016,0.39,0.41,0.25,0.1,0.49,0.78,41.666666667,33.5741001661276,0.04199917622516937,978.3422579479959,1
1155,Lao PDR,2017,0.32,0.44,0.26,0.09,0.53,0.78,41.666666667,37.9504484411561,0.04717166584050049,1010.1355481402342,1
1156,Lao PDR,2018,0.4,0.56,0.28,0.11,0.55,0.78,43.666666667,38.0167390499275,0.04623556615716764,1058.978079416474,1
1157,Lao PDR,2019,0.37,0.54,0.29,0.1,0.53,0.77,43.666666667,20.6094637307639,0.04191506080179829,1074.9397630587944,1
1158,Lao PDR,2020,0.35,0.56,0.28,0.1,0.49,0.76,43.666666667,23.1554473691925,0.03536571694822557,1060.637983655388,1
1159,Lao PDR,2021,0.35,0.55,0.27,0.1,0.58,0.76,45.166666667,7.28644637663924,0.027153355557912234,981.3381355556598,1
1160,Lao PDR,2022,0.34,0.57,0.25,0.12,0.47,0.76,46.666666667,9.51767783297326,0.023666505784331472,824.266423488785,1
1161,Lao PDR,2023,0.33,0.61,0.25,0.09,0.45,0.77,46.666666667,7.41963729583454,0.02923782994837473,909.4045116074535,1
1162,Latvia,2010,0.75,0.68,0.72,0.41,0.74,0.91,82.5,8.45678449620594,0.03479154921414066,7129.9839111099345,2
1163,Latvia,2011,0.75,0.68,0.7,0.42,0.73,0.89,82.5,9.47083453064328,0.030474606867268984,8114.090139074209,2
1164,Latvia,2012,0.75,0.65,0.7,0.42,0.74,0.87,84.5,11.406411147512,0.033248512083908076,8403.29775566187,2
1165,Latvia,2013,0.75,0.77,0.68,0.4,0.67,0.86,84.5,15.4178071105596,0.03435464492583424,9203.443083264578,2
1166,Latvia,2014,0.7,0.72,0.7,0.4,0.71,0.85,85.0,17.7278751994184,0.03287558169510011,9765.01335587025,2
1167,Latvia,2015,0.7,0.72,0.69,0.4,0.69,0.85,85.0,18.9245452005011,0.039903153117429334,8543.317763336783,2
1168,Latvia,2016,0.74,0.76,0.69,0.37,0.66,0.86,87.0,17.2405295215294,0.038841712216424996,8908.245097328043,2
1169,Latvia,2017,0.75,0.93,0.71,0.36,0.67,0.84,89.0,16.0817754609296,0.038233936667511945,9597.731719399377,2
1170,Latvia,2018,0.75,0.91,0.75,0.36,0.67,0.83,89.0,16.5920580401869,0.04039438573697148,10914.314719228518,2
1171,Latvia,2019,0.75,0.91,0.79,0.35,0.67,0.82,89.0,17.1495055610295,0.040387265349412955,10912.907848917663,2
1172,Latvia,2020,0.73,0.9,0.76,0.35,0.69,0.81,89.0,20.0336000956914,0.04578250936048254,10957.906901538636,2
1173,Latvia,2021,0.73,0.87,0.78,0.38,0.7,0.8,89.0,16.9803713630842,0.04789594456057231,12486.377155277289,2
1174,Latvia,2022,0.73,0.85,0.76,0.39,0.69,0.79,89.0,17.5505893709401,0.04373116073701855,12466.02454358574,2
1175,Latvia,2023,0.72,0.84,0.76,0.4,0.68,0.8,89.0,18.554389354563,0.049908111941172166,14502.781591134411,2
1176,Lebanon,2010,0.59,0.45,0.48,0.29,0.72,0.9,25.6666666667,24.1167234468679,0.029274392421136875,5480.042926880234,1
1177,Lebanon,2011,0.63,0.59,0.48,0.22,0.73,0.9,25.6666666667,2.95056491721251,0.022829454260595867,5761.831418493963,1
1178,Lebanon,2012,0.64,0.57,0.48,0.29,0.72,0.9,25.6666666667,2.29114806395946,0.024450024575594993,6134.2855764924625,1
1179,Lebanon,2013,0.62,0.62,0.47,0.28,0.63,0.91,23.6666666667,2.67625075891044,0.02488050748342745,5883.675567782944,1
1180,Lebanon,2014,0.57,0.64,0.46,0.27,0.61,0.91,23.6666666667,2.52131896754884,0.025627374059814557,5587.1966614059265,1
1181,Lebanon,2015,0.56,0.64,0.46,0.27,0.58,0.92,17.6666666667,2.18872453488477,0.025813504915069136,5693.517980467593,1
1182,Lebanon,2016,0.63,0.64,0.45,0.3,0.53,0.93,17.6666666667,2.82254509400518,0.025492602910849177,6002.25185678121,1
1183,Lebanon,2017,0.53,0.56,0.45,0.33,0.54,0.93,17.6666666667,3.29137382070708,0.025068712421257185,6492.2076666029825,1
1184,Lebanon,2018,0.57,0.6,0.46,0.32,0.51,0.93,17.6666666667,2.35492211553384,0.023627164459280613,7063.549678098414,1
1185,Lebanon,2019,0.55,0.6,0.49,0.3,0.51,0.92,18.3333333333,3.89127352822828,0.020057668171212968,7063.488843024135,1
1186,Lebanon,2020,0.53,0.6,0.47,0.26,0.55,0.92,18.3333333333,5.13651259232765,0.014051291857505071,4861.674355788916,1
1187,Lebanon,2021,0.52,0.63,0.46,0.28,0.52,0.92,19.3333333333,2.15425314478037,0.0239449287401493,3808.6521704253596,1
1188,Lebanon,2022,0.5,0.55,0.45,0.3,0.5,0.91,20.3333333333,15.13321994397,0.05315332956073534,3238.5682451799107,1
1189,Lebanon,2023,0.52,0.57,0.44,0.38,0.51,0.92,20.3333333333,4.30236078360336,0.03430172444529559,1473.8758907701022,1
1190,Lesotho,2010,0.34,0.28,0.27,0.0,0.69,0.72,57.5,0.2634590134564,0.02291465907465803,602.7629839430363,1
1191,Lesotho,2011,0.33,0.24,0.27,0.0,0.62,0.73,57.5,0.2634590134564,0.02291465907465803,664.6031037897546,1
1192,Lesotho,2012,0.36,0.28,0.28,0.07,0.63,0.76,57.5,0.2634590134564,0.02291465907465803,643.7019539912375,1
1193,Lesotho,2013,0.32,0.37,0.28,0.03,0.44,0.77,57.5,0.2634590134564,0.02291465907465803,631.7421474916897,1
1194,Lesotho,2014,0.25,0.45,0.26,0.07,0.37,0.76,57.5,0.2634590134564,0.02291465907465803,622.776331683452,1
1195,Lesotho,2015,0.22,0.44,0.26,0.0,0.3,0.76,58.5,0.2634590134564,0.02291465907465803,577.7944438305891,1
1196,Lesotho,2016,0.37,0.66,0.25,0.0,0.29,0.77,58.5,0.582000547378695,0.032928814959067285,529.4450830401441,1
1197,Lesotho,2017,0.33,0.65,0.26,0.05,0.36,0.77,59.5,0.176184816420373,0.03137103932107497,582.9517882015474,1
1198,Lesotho,2018,0.36,0.64,0.27,0.03,0.32,0.77,61.5,0.0577924172043064,0.03231649346096868,613.7708540792946,1
1199,Lesotho,2019,0.33,0.62,0.29,0.03,0.26,0.77,65.5,0.173766076409184,0.03935365357409229,569.2008061292429,1
1200,Lesotho,2020,0.29,0.55,0.28,0.09,0.2,0.77,66.5,0.0339450853606886,0.03842531470589925,476.40853909886135,1
1201,Lesotho,2021,0.29,0.51,0.29,0.13,0.27,0.77,68.0,0.0697267831899667,0.04673142589079729,531.201431606594,1
1202,Lesotho,2022,0.27,0.5,0.28,0.09,0.21,0.77,69.5,0.0925726266687245,0.04409953067956053,515.7451995017782,1
1203,Lesotho,2023,0.25,0.48,0.28,0.09,0.19,0.79,69.5,0.0742607412455623,0.04511754946504154,463.3364516697239,1
1204,Liberia,2010,0.26,0.39,0.21,0.0,0.37,0.69,59.6666666667,56.8580874479744,0.0306046626216276,258.58155062098257,1
1205,Liberia,2011,0.31,0.35,0.21,0.04,0.51,0.7,59.6666666667,56.8580874479744,0.0306046626216276,280.4499620721988,1
1206,Liberia,2012,0.25,0.28,0.21,0.0,0.44,0.7,59.6666666667,56.8580874479744,0.0306046626216276,220.6017411674205,1
1207,Liberia,2013,0.24,0.31,0.21,0.03,0.38,0.72,59.6666666667,56.8580874479744,0.0306046626216276,261.3878139401495,1
1208,Liberia,2014,0.11,0.34,0.21,0.0,0.14,0.72,63.6666666667,56.8580874479744,0.0306046626216276,287.8261540177197,1
1209,Liberia,2015,0.11,0.37,0.21,0.0,0.01,0.73,63.6666666667,56.8580874479744,0.0306046626216276,308.2877072329218,1
1210,Liberia,2016,0.29,0.42,0.21,0.0,0.22,0.73,63.6666666667,56.8580874479744,0.0306046626216276,329.0043670546437,1
1211,Liberia,2017,0.2,0.37,0.22,0.0,0.24,0.76,63.6666666667,56.8580874479744,0.0306046626216276,309.6966647246555,1
1212,Liberia,2018,0.34,0.35,0.24,0.03,0.49,0.76,76.6666666667,16.8436031156564,0.0384704740513063,297.2136979885235,1
1213,Liberia,2019,0.33,0.38,0.26,0.07,0.46,0.73,76.6666666667,5.50358385939843,0.03957018772641049,272.1591459955854,1
1214,Liberia,2020,0.26,0.46,0.26,0.0,0.29,0.72,76.6666666667,0.0150390753332307,0.03197973425472609,239.47605022115897,1
1215,Liberia,2021,0.22,0.36,0.25,0.06,0.26,0.71,79.5,7.93496540512927,0.028652607369758575,256.5070561363126,1
1216,Liberia,2022,0.23,0.29,0.24,0.1,0.3,0.73,82.3333333333,10.2679978403201,0.018707289178561026,278.06006892606285,1
1217,Liberia,2023,0.21,0.29,0.24,0.14,0.2,0.74,82.3333333333,0.643718596498284,0.017248680660137534,323.5968448020774,1
1218,Libya,2010,0.36,0.35,0.55,0.04,0.34,0.69,2.5,0.604680774692483,0.015932497874670715,3730.9733088573144,1
1219,Libya,2011,0.38,0.33,0.54,0.0,0.37,0.73,2.5,0.604680774692483,0.015932497874670715,4588.743742914203,1
1220,Libya,2012,0.38,0.35,0.53,0.06,0.35,0.69,2.5,0.604680774692483,0.015932497874670715,5698.306549476901,1
1221,Libya,2013,0.35,0.38,0.52,0.07,0.13,0.73,2.5,0.604680774692483,0.015932497874670715,5924.332205909769,1
1222,Libya,2014,0.34,0.38,0.52,0.07,0.28,0.76,2.5,0.604680774692483,0.015932497874670715,6055.833639942529,1
1223,Libya,2015,0.4,0.34,0.51,0.08,0.43,0.77,2.5,0.604680774692483,0.015932497874670715,5403.392433894172,1
1224,Libya,2016,0.42,0.34,0.5,0.05,0.33,0.77,2.5,0.604680774692483,0.015932497874670715,5858.063134864929,1
1225,Libya,2017,0.32,0.29,0.51,0.12,0.27,0.75,2.5,0.604680774692483,0.015932497874670715,6384.748964631187,1
1226,Libya,2018,0.38,0.32,0.52,0.11,0.28,0.73,2.5,0.604680774692483,0.015932497874670715,5933.530643467296,1
1227,Libya,2019,0.32,0.31,0.55,0.11,0.14,0.73,2.5,0.604680774692483,0.015932497874670715,5593.084169426357,1
1228,Libya,2020,0.41,0.61,0.53,0.15,0.18,0.74,6.0,0.604680774692483,0.015932497874670715,5874.230617038268,1
1229,Libya,2021,0.42,0.58,0.53,0.16,0.31,0.67,9.33333333335,0.604680774692483,0.015932497874670715,1590.6799553125186,1
1230,Libya,2022,0.44,0.58,0.51,0.18,0.32,0.68,12.6666666667,0.604680774692483,0.015932497874670715,1590.9847834547168,1
1231,Libya,2023,0.45,0.56,0.51,0.22,0.33,0.71,12.6666666667,0.604680774692483,0.015932497874670715,1444.9643785150936,1
1232,Lithuania,2010,0.71,0.61,0.78,0.4,0.65,0.87,86.5,11.2469941524538,0.027598715364986575,7101.533966008132,2
1233,Lithuania,2011,0.72,0.61,0.78,0.41,0.64,0.85,88.5,10.6070246805609,0.0255045171786137,8218.457338084254,2
1234,Lithuania,2012,0.72,0.64,0.78,0.36,0.67,0.84,88.5,11.0422224951685,0.027663337849773286,8238.884675767536,2
1235,Lithuania,2013,0.78,0.97,0.76,0.38,0.55,0.84,94.5,11.0243128207069,0.02975574667900164,9213.443002491076,2
1236,Lithuania,2014,0.74,0.94,0.75,0.36,0.61,0.83,94.5,11.1391744920283,0.04561698970849321,9661.760062599204,2
1237,Lithuania,2015,0.74,0.93,0.74,0.38,0.58,0.84,94.5,12.7802328819912,0.03837488646859612,8448.005354133425,2
1238,Lithuania,2016,0.75,0.91,0.72,0.38,0.55,0.85,94.5,12.6400013901436,0.03924139800033158,9034.983821630438,2
1239,Lithuania,2017,0.73,0.9,0.73,0.38,0.58,0.84,94.5,12.5193567980791,0.03989244118639201,10114.034791244017,2
1240,Lithuania,2018,0.74,0.9,0.76,0.4,0.58,0.84,95.5,12.102708320773,0.044102736845025796,11775.1394092948,2
1241,Lithuania,2019,0.74,0.9,0.81,0.39,0.58,0.83,97.5,12.0304039362778,0.04566348952647184,11996.477720442967,2
1242,Lithuania,2020,0.72,0.89,0.77,0.4,0.59,0.82,99.5,12.0095660933711,0.046583088396782414,12464.949966938257,2
1243,Lithuania,2021,0.71,0.85,0.77,0.4,0.62,0.82,99.5,11.508956927432,0.04470431947791938,14531.75487809552,2
1244,Lithuania,2022,0.72,0.87,0.76,0.4,0.61,0.81,99.5,12.9963941333635,0.039003825156186375,15310.02557298349,2
1245,Lithuania,2023,0.73,0.86,0.76,0.42,0.63,0.82,99.5,14.4028959953361,0.04714632881059031,17530.165217192145,2
1246,Luxembourg,2010,0.84,0.79,0.78,0.35,0.9,0.9,70.0,8.77866237669306,0.03243905846813682,87496.73253020181,2
1247,Luxembourg,2011,0.86,0.79,0.77,0.37,0.91,0.9,70.0,9.05059986162123,0.03577948649251348,93836.1364256774,2
1248,Luxembourg,2012,0.87,0.75,0.77,0.41,0.9,0.9,77.5,8.68486923570019,0.032249468022390544,88801.11205429121,2
1249,Luxembourg,2013,0.88,0.84,0.77,0.4,0.87,0.9,79.5,6.8438523675119,0.03105406966941049,94749.4676081053,2
1250,Luxembourg,2014,0.86,0.78,0.79,0.45,0.85,0.9,81.5,5.97251741023821,0.031145607571910573,96728.95787732417,2
1251,Luxembourg,2015,0.86,0.78,0.8,0.41,0.83,0.91,81.5,7.1063570044196,0.029575680727802662,84086.20670237359,2
1252,Luxembourg,2016,0.87,0.83,0.76,0.46,0.83,0.92,81.5,7.96708640448661,0.03345180365759136,84569.46208860457,2
1253,Luxembourg,2017,0.87,0.89,0.77,0.48,0.83,0.93,81.5,6.9688410293022,0.03371436804815102,88243.83338501448,2
1254,Luxembourg,2018,0.89,0.96,0.79,0.47,0.78,0.93,81.5,6.97324123677991,0.04075539905836028,92828.8967059416,2
1255,Luxembourg,2019,0.9,0.96,0.85,0.48,0.79,0.93,84.5,6.57356994288018,0.04046419573803536,88692.3122653786,2
1256,Luxembourg,2020,0.88,1.0,0.84,0.47,0.74,0.92,89.5,5.61923854995663,0.040657862253287054,92670.2630358246,2
1257,Luxembourg,2021,0.85,0.94,0.85,0.46,0.72,0.91,89.5,6.0752020682151,0.03779134262092639,107905.77285949765,2
1258,Luxembourg,2022,0.87,0.94,0.83,0.48,0.7,0.91,89.5,5.9904603893658,0.03826059191206531,100372.72009555077,2
1259,Luxembourg,2023,0.87,0.96,0.83,0.47,0.72,0.91,89.5,5.979250210644,0.04081068283608257,109002.2631346353,2
1260,Madagascar,2010,0.27,0.23,0.17,0.07,0.54,0.7,57.5,3.32586748234115,0.036268253416546145,219.3981112060465,1
1261,Madagascar,2011,0.3,0.26,0.17,0.11,0.56,0.69,57.5,9.08940857551219,0.022011172179430643,248.70245694727393,1
1262,Madagascar,2012,0.32,0.4,0.16,0.13,0.48,0.7,57.5,1.49588449015976,0.014604824262001924,251.4679342607256,1
1263,Madagascar,2013,0.29,0.43,0.16,0.1,0.41,0.71,57.5,7.5799664741867,0.012919179956921089,265.3847145374211,1
1264,Madagascar,2014,0.19,0.4,0.16,0.1,0.31,0.72,57.5,1.54006644159584,0.01623963614167381,256.9508528331927,1
1265,Madagascar,2015,0.18,0.36,0.16,0.12,0.23,0.72,57.5,2.00561036576503,0.015440176208432618,226.08033806315584,1
1266,Madagascar,2016,0.26,0.34,0.16,0.12,0.17,0.73,57.5,1.54980929380356,0.015490110037406895,231.5737885879357,1
1267,Madagascar,2017,0.18,0.27,0.15,0.12,0.27,0.73,57.5,1.28948585834724,0.01599402201068781,251.09465816039645,1
1268,Madagascar,2018,0.3,0.5,0.16,0.12,0.27,0.73,65.5,1.04433298404265,0.02017243500648517,243.91981738554813,1
1269,Madagascar,2019,0.27,0.49,0.16,0.13,0.2,0.73,67.5,0.963097896905451,0.01623257390812492,248.92676959639124,1
1270,Madagascar,2020,0.26,0.44,0.14,0.15,0.32,0.74,67.5,0.539322061058942,0.018936179828008114,227.1573164267222,1
1271,Madagascar,2021,0.24,0.38,0.13,0.15,0.35,0.74,68.0,0.405991436478599,0.019668876776847862,239.83176702769583,1
1272,Madagascar,2022,0.22,0.35,0.13,0.12,0.31,0.75,68.5,0.34862498459426,0.017340127026639153,243.88536365790173,1
1273,Madagascar,2023,0.2,0.34,0.13,0.11,0.31,0.75,68.5,0.478060054077076,0.020892421734791597,246.5168057218127,1
1274,Malawi,2010,0.23,0.13,0.19,0.11,0.45,0.69,65.1666666667,1.97705019892684,0.01922070694099228,349.7212494242855,1
1275,Malawi,2011,0.29,0.12,0.2,0.12,0.55,0.69,65.1666666667,15.6607147756312,0.04148747208621671,394.20193878040527,1
1276,Malawi,2012,0.28,0.09,0.2,0.13,0.54,0.7,65.1666666667,2.12768909410415,0.01555487060545726,293.25074174213285,1
1277,Malawi,2013,0.26,0.18,0.19,0.13,0.44,0.69,67.1666666667,11.4580180393559,0.020814891397437002,260.8227630451182,1
1278,Malawi,2014,0.2,0.2,0.19,0.13,0.51,0.68,69.1666666667,4.13166608127182,0.014562467535938883,278.6291318420052,1
1279,Malawi,2015,0.25,0.43,0.19,0.09,0.35,0.69,78.1666666667,1.2871623503437,0.019743469926146076,287.10896263838055,1
1280,Malawi,2016,0.33,0.4,0.19,0.11,0.45,0.69,82.1666666667,2.37156083791477,0.017639116429885596,242.86545035766224,1
1281,Malawi,2017,0.19,0.14,0.2,0.13,0.39,0.68,83.5,2.01243154383311,0.03981213124568142,263.3638674232486,1
1282,Malawi,2018,0.24,0.16,0.21,0.13,0.31,0.67,85.5,2.14917014000118,0.028276096628085483,285.3133298719792,1
1283,Malawi,2019,0.21,0.25,0.23,0.13,0.26,0.67,85.5,6.84439153559323,0.026984611709704242,305.0402835470167,1
1284,Malawi,2020,0.22,0.37,0.23,0.16,0.22,0.67,86.5,2.79814154290263,0.02337284507569343,303.29435536078273,1
1285,Malawi,2021,0.22,0.35,0.24,0.16,0.3,0.67,86.5,6.07356230862874,0.027249323442800674,307.29509676183693,1
1286,Malawi,2022,0.26,0.34,0.23,0.17,0.43,0.67,86.5,2.30769539307614,0.021634090958558734,297.5178975452682,1
1287,Malawi,2023,0.19,0.21,0.23,0.16,0.33,0.67,86.5,5.31056594105904,0.02932387354125969,285.7349473718782,1
1288,Malaysia,2010,0.68,0.53,0.47,0.5,0.81,0.92,73.0,49.6090958943542,0.23023706406434805,4314.1727692419145,3
1289,Malaysia,2011,0.7,0.54,0.47,0.52,0.81,0.92,80.0,47.4089039264371,0.2116565033223021,4880.377393833915,3
1290,Malaysia,2012,0.71,0.51,0.46,0.54,0.84,0.93,82.0,47.5749674208281,0.20529154746990003,5196.655554969011,3
1291,Malaysia,2013,0.69,0.53,0.45,0.56,0.78,0.93,82.0,48.4707442408569,0.20708992174241614,5350.898826036558,3
1292,Malaysia,2014,0.65,0.58,0.44,0.55,0.81,0.93,82.0,49.2192547300414,0.21784493512716163,5520.167648257173,3
1293,Malaysia,2015,0.65,0.58,0.45,0.54,0.78,0.94,82.0,48.4853806485296,0.23044899458028542,5018.651961535306,3
1294,Malaysia,2016,0.72,0.59,0.45,0.53,0.75,0.95,82.0,49.058669616671,0.23928872050053362,4978.172250147052,3
1295,Malaysia,2017,0.71,0.76,0.48,0.54,0.77,0.94,82.0,51.124071112731,0.24561642372288206,5116.89820479067,3
1296,Malaysia,2018,0.75,0.82,0.49,0.54,0.78,0.94,84.0,53.1812872322082,0.25784988846229484,5776.972997943725,3
1297,Malaysia,2019,0.76,0.87,0.51,0.55,0.78,0.94,86.0,51.5927774360365,0.2585651559790949,5913.816208515901,3
1298,Malaysia,2020,0.77,0.89,0.5,0.55,0.86,0.94,86.0,53.8128736631656,0.2812270823539084,5455.58863777102,3
1299,Malaysia,2021,0.76,0.85,0.5,0.57,0.88,0.93,86.0,51.6786836379514,0.27224042735434206,5631.664124921742,3
1300,Malaysia,2022,0.75,0.84,0.48,0.57,0.84,0.92,86.0,58.2818244031486,0.28227226769481917,5996.688856741767,3
1301,Malaysia,2023,0.72,0.8,0.48,0.56,0.82,0.93,86.0,59.4155074421789,0.2870139013679311,6096.842817877677,3
1302,Maldives,2010,0.47,0.53,0.53,0.0,0.48,0.85,51.3333333333,0.025307379209988,0.03680660023935256,5573.4541423791825,1
1303,Maldives,2011,0.48,0.55,0.52,0.0,0.48,0.83,51.3333333333,0.025307379209988,0.03680660023935256,5573.090634077967,1
1304,Maldives,2012,0.46,0.52,0.52,0.04,0.47,0.82,51.3333333333,0.025307379209988,0.03523921175482282,5631.565300831657,1
1305,Maldives,2013,0.43,0.63,0.51,0.0,0.22,0.81,51.3333333333,0.025307379209988,0.033671823270293076,6224.51958291224,1
1306,Maldives,2014,0.34,0.6,0.51,0.0,0.23,0.8,51.3333333333,0.025307379209988,0.03210443478576334,6740.517178217529,1
1307,Maldives,2015,0.39,0.65,0.51,0.05,0.27,0.8,51.3333333333,0.025307379209988,0.034376507666318314,6980.653913806714,1
1308,Maldives,2016,0.46,0.65,0.5,0.05,0.13,0.81,53.3333333333,0.025307379209988,0.038617947639499335,6957.889037297883,1
1309,Maldives,2017,0.38,0.57,0.51,0.09,0.2,0.82,53.3333333333,0.143975890139075,0.037350207183949,7303.462287801727,1
1310,Maldives,2018,0.4,0.6,0.53,0.05,0.15,0.81,53.3333333333,0.6736276862213233,0.03634407890508304,7816.576228265036,1
1311,Maldives,2019,0.4,0.59,0.56,0.1,0.15,0.81,53.3333333333,1.2032794823035717,0.03776119535937092,8366.76008835274,1
1312,Maldives,2020,0.43,0.67,0.54,0.08,0.18,0.85,52.8333333333,1.73293127838582,0.045762787101652894,5233.985693259075,1
1313,Maldives,2021,0.37,0.65,0.54,0.05,0.12,0.82,53.66666666665,2.01125189381146,0.04384216076701889,7445.305706108972,1
1314,Maldives,2022,0.47,0.66,0.53,0.11,0.54,0.81,54.5,4.09641473130223,0.044747301161409944,8670.671482072652,1
1315,Maldives,2023,0.41,0.62,0.53,0.1,0.37,0.82,54.5,0.18950505737955,0.04390671488873892,8907.488228121538,1
1316,Mali,2010,0.26,0.18,0.05,0.06,0.6,0.75,48.0,4.4831532070459,0.029103312355930847,340.78582742871305,1
1317,Mali,2011,0.32,0.34,0.06,0.08,0.6,0.75,48.0,4.39143025926767,0.016886836335146142,387.2542625957983,1
1318,Mali,2012,0.32,0.29,0.06,0.12,0.57,0.76,48.0,2.25646931948216,0.01905041199973212,338.2856835596298,1
1319,Mali,2013,0.25,0.32,0.05,0.09,0.4,0.77,56.0,3.3171887106757127,0.0200116541164971,374.36808649841015,1
1320,Mali,2014,0.15,0.22,0.04,0.12,0.43,0.78,56.0,4.377908101869265,0.02097289623326208,381.04972276999285,1
1321,Mali,2015,0.17,0.22,0.04,0.1,0.4,0.79,56.0,5.438627493062818,0.021934138350027065,336.0611814631258,1
1322,Mali,2016,0.29,0.26,0.03,0.11,0.35,0.8,58.0,6.49934688425637,0.022895380466792046,343.0447637552131,1
1323,Mali,2017,0.23,0.3,0.03,0.09,0.55,0.8,58.0,1.24270276298759,0.01970340154734198,355.4418862184945,1
1324,Mali,2018,0.25,0.31,0.04,0.1,0.4,0.8,66.0,5.5345284838785,0.02136182077554111,375.6608038017819,1
1325,Mali,2019,0.23,0.33,0.05,0.13,0.33,0.79,68.0,5.479696587969,0.025382545668153216,362.44699442360394,1
1326,Mali,2020,0.26,0.4,0.04,0.14,0.48,0.78,68.0,2.20544616042826,0.021182699039697595,336.10765414285623,1
1327,Mali,2021,0.21,0.37,0.04,0.13,0.39,0.79,68.0,13.8853977586833,0.022707080277934867,363.5145228950793,1
1328,Mali,2022,0.22,0.32,0.04,0.14,0.44,0.8,68.0,10.2578668284987,0.017707211417263873,346.27731605005584,1
1329,Mali,2023,0.21,0.34,0.04,0.11,0.45,0.8,68.0,5.3606547607953,0.025455373208838724,374.7625067724671,1
1330,Malta,2010,0.79,0.74,0.68,0.23,0.96,0.93,81.5,47.1711651946079,0.250963450480605,15252.35269815205,3
1331,Malta,2011,0.79,0.74,0.68,0.19,0.95,0.93,86.0,47.4128674796177,0.21916887557188433,16445.547725259905,3
1332,Malta,2012,0.79,0.7,0.66,0.26,0.95,0.92,90.0,45.9493963950339,0.20107669275177129,16466.943757589186,3
1333,Malta,2013,0.78,0.74,0.67,0.23,0.93,0.92,90.0,38.7105994227373,0.22209547935325574,18563.713968329557,3
1334,Malta,2014,0.78,0.85,0.68,0.24,0.91,0.91,92.0,34.7084179812082,0.17555514141186485,20392.127352961747,3
1335,Malta,2015,0.78,0.85,0.67,0.27,0.88,0.9,92.0,30.7947211780704,0.15051928024423758,19435.77456031669,3
1336,Malta,2016,0.79,0.78,0.67,0.3,0.91,0.91,93.0,21.9332549680228,0.12263998961023097,20055.957904941133,2
1337,Malta,2017,0.76,0.81,0.68,0.31,0.86,0.9,95.0,30.3770554777466,0.14092324269819628,23476.774783998277,2
1338,Malta,2018,0.78,0.83,0.71,0.33,0.84,0.89,95.0,33.0708086421311,0.12519761972778973,25745.021102033672,2
1339,Malta,2019,0.78,0.85,0.78,0.32,0.83,0.89,95.0,29.6218204565045,0.12103654304808456,25034.86576391612,2
1340,Malta,2020,0.81,0.94,0.75,0.35,0.85,0.89,95.0,35.3377751285137,0.14467214056114674,24999.874123991736,3
1341,Malta,2021,0.78,0.89,0.76,0.34,0.83,0.88,95.0,30.7355590982316,0.13348575604397073,30358.75188297385,2
1342,Malta,2022,0.81,0.9,0.75,0.37,0.85,0.88,95.0,38.9615851886187,0.1595710194812848,28727.382519536706,3
1343,Malta,2023,0.8,0.91,0.73,0.37,0.84,0.88,95.0,43.2692793209479,0.18394232370254834,33431.88430277613,3
1344,Mauritania,2010,0.25,0.24,0.14,0.04,0.4,0.75,59.0,0.0020465249541159,0.011355898092104794,663.1434257761464,1
1345,Mauritania,2011,0.25,0.22,0.15,0.0,0.43,0.74,59.0,0.0020465249541159,0.011355898092104794,699.0148210376638,1
1346,Mauritania,2012,0.23,0.17,0.15,0.0,0.41,0.75,59.0,0.0020465249541159,0.011355898092104794,722.6120782119621,1
1347,Mauritania,2013,0.19,0.2,0.16,0.07,0.15,0.76,59.0,0.0020465249541159,0.011355898092104794,733.1107913971039,1
1348,Mauritania,2014,0.17,0.28,0.16,0.09,0.38,0.76,58.0,0.0020465249541159,0.011355898092104794,759.9498176683104,1
1349,Mauritania,2015,0.14,0.29,0.16,0.0,0.22,0.77,58.0,0.0020465249541159,0.011355898092104794,722.9458181618846,1
1350,Mauritania,2016,0.29,0.38,0.16,0.05,0.16,0.78,58.0,0.0020465249541159,0.011355898092104794,687.127873363069,1
1351,Mauritania,2017,0.2,0.4,0.15,0.03,0.22,0.78,58.0,0.005745950141395166,0.011355898092104794,709.2811626084074,1
1352,Mauritania,2018,0.26,0.36,0.15,0.1,0.25,0.78,65.0,0.009445375328674434,0.011355898092104794,748.2771949755273,1
1353,Mauritania,2019,0.21,0.35,0.18,0.07,0.11,0.78,65.0,0.0131448005159537,0.011355898092104794,756.9395232439094,1
1354,Mauritania,2020,0.21,0.4,0.18,0.09,0.13,0.77,66.0,2.04844860504343,0.011355898092104794,699.99691371334,1
1355,Mauritania,2021,0.18,0.39,0.16,0.11,0.12,0.77,66.0,5.07698180804383,0.008095339043594968,804.0668115504616,1
1356,Mauritania,2022,0.17,0.38,0.15,0.08,0.11,0.77,66.0,3.97949338201203,0.0060888954302591395,874.579934882121,1
1357,Mauritania,2023,0.21,0.43,0.15,0.11,0.24,0.78,66.0,2.3506462344976,0.014047523652154599,918.8311260243893,1
1358,Mauritius,2010,0.52,0.41,0.45,0.15,0.65,0.9,71.5,0.693280225666934,0.02113492392681104,5141.842870569098,1
1359,Mauritius,2011,0.54,0.42,0.46,0.15,0.64,0.9,72.5,0.800067416815791,0.018738844129059268,5939.260312752778,1
1360,Mauritius,2012,0.54,0.38,0.47,0.13,0.68,0.91,73.5,0.929231405181229,0.024653571375074994,6041.195510454024,1
1361,Mauritius,2013,0.52,0.43,0.48,0.14,0.58,0.92,73.5,0.575721802495423,0.01901526291899659,6350.09365608859,1
1362,Mauritius,2014,0.49,0.49,0.51,0.15,0.67,0.91,74.5,0.0298752067777236,0.019840445996133698,6856.406899371826,1
1363,Mauritius,2015,0.49,0.48,0.52,0.12,0.61,0.92,74.5,0.114086427858643,0.020839952424824625,6353.285321740373,1
1364,Mauritius,2016,0.59,0.49,0.5,0.23,0.52,0.92,74.5,0.108502818582773,0.024189134546351784,6725.851581604601,1
1365,Mauritius,2017,0.5,0.54,0.51,0.21,0.5,0.92,74.5,2.3854111877829,0.028848123951660677,7364.9289473030085,1
1366,Mauritius,2018,0.56,0.58,0.52,0.26,0.51,0.9,78.5,2.59795907076769,0.030272711251542194,7965.2179840929475,1
1367,Mauritius,2019,0.56,0.65,0.57,0.23,0.51,0.89,79.5,2.14379472409531,0.026990147547563667,7852.823885572515,1
1368,Mauritius,2020,0.57,0.65,0.54,0.26,0.55,0.9,79.5,2.30535803719693,0.024977536288995756,6256.5835168428075,1
1369,Mauritius,2021,0.56,0.62,0.53,0.28,0.56,0.9,79.5,0.386204360949942,0.02279787555549062,6178.270649001567,1
1370,Mauritius,2022,0.54,0.64,0.51,0.31,0.48,0.88,79.5,2.0670796252868,0.022689407668373615,6759.107902533807,1
1371,Mauritius,2023,0.53,0.7,0.51,0.27,0.45,0.88,79.5,1.01453890078417,0.025447854104825588,7310.361692771631,1
1372,Mexico,2010,0.64,0.55,0.44,0.56,0.79,0.77,59.0,22.1357931748892,0.11074716228753825,5883.818096422429,2
1373,Mexico,2011,0.71,0.72,0.44,0.6,0.79,0.78,67.0,21.1481206882898,0.10541466837111682,6386.608313214027,2
1374,Mexico,2012,0.64,0.39,0.44,0.59,0.81,0.79,67.0,21.3533236921301,0.10536014891879808,6439.733580599713,2
1375,Mexico,2013,0.65,0.56,0.44,0.59,0.73,0.8,67.0,20.5109447612712,0.11308614342837148,6849.7164092727035,2
1376,Mexico,2014,0.65,0.66,0.45,0.58,0.77,0.8,71.0,20.2220997751974,0.11478946786521357,6843.742505612469,2
1377,Mexico,2015,0.65,0.68,0.44,0.57,0.72,0.81,89.0,19.5727021142392,0.12171284327668043,6063.464260749853,2
1378,Mexico,2016,0.69,0.71,0.44,0.56,0.69,0.82,91.0,20.6541116351274,0.12381576817427574,5465.584050918922,2
1379,Mexico,2017,0.66,0.71,0.46,0.56,0.71,0.82,91.0,21.1680967750153,0.11762767549646767,5728.325926021744,2
1380,Mexico,2018,0.66,0.67,0.49,0.55,0.7,0.82,91.0,20.8917456407643,0.116891612984825,5977.2148234312135,2
1381,Mexico,2019,0.66,0.69,0.53,0.56,0.69,0.82,91.0,20.4068584131191,0.12098224886419329,6134.173001408841,2
1382,Mexico,2020,0.66,0.74,0.51,0.54,0.71,0.82,91.0,21.5074249745377,0.12706683796333074,5233.117200134514,2
1383,Mexico,2021,0.63,0.71,0.51,0.54,0.7,0.81,92.5,19.8113406398377,0.1230312573507066,6015.742202639485,2
1384,Mexico,2022,0.64,0.72,0.48,0.53,0.7,0.81,94.0,20.5343692257849,0.12374843861070756,6630.2590536346,2
1385,Mexico,2023,0.63,0.74,0.47,0.54,0.68,0.81,94.0,17.7318284670198,0.1277541614509151,7978.886558887934,2
1386,Moldova,2010,0.59,0.67,0.39,0.35,0.66,0.8,74.8333333333,9.70481569946037,0.04011662641649094,1328.9503373052598,1
1387,Moldova,2011,0.59,0.71,0.37,0.32,0.65,0.8,78.8333333333,7.41853479533401,0.0445172548813315,1575.7597537723925,1
1388,Moldova,2012,0.6,0.67,0.37,0.36,0.68,0.81,78.8333333333,5.13254701281781,0.06523800719318545,1657.9336583751142,1
1389,Moldova,2013,0.59,0.82,0.36,0.32,0.56,0.82,79.8333333333,2.76672880955816,0.06630664748932978,1753.4847418438549,1
1390,Moldova,2014,0.56,0.84,0.35,0.3,0.6,0.81,79.8333333333,5.33908399973561,0.061944296449790104,1694.5461983880587,1
1391,Moldova,2015,0.6,0.88,0.42,0.36,0.54,0.8,81.8333333333,4.60975269861678,0.07057618300023433,1466.4514046669615,1
1392,Moldova,2016,0.64,0.9,0.41,0.41,0.45,0.8,82.8333333333,3.48388749123713,0.0647683111208333,1531.5546329497079,1
1393,Moldova,2017,0.53,0.73,0.41,0.34,0.5,0.79,84.8333333333,5.3934747176002,0.06946373564249693,1833.96318459579,1
1394,Moldova,2018,0.55,0.75,0.44,0.29,0.48,0.79,84.8333333333,2.51881364001274,0.09003635950466882,2241.7309748175,1
1395,Moldova,2019,0.55,0.73,0.48,0.29,0.51,0.79,87.3333333333,2.96130489390172,0.10016649790492646,2408.746841033652,1
1396,Moldova,2020,0.55,0.75,0.47,0.35,0.49,0.79,87.3333333333,2.23908642857928,0.10387776572130746,2367.065450800496,1
1397,Moldova,2021,0.53,0.73,0.47,0.3,0.51,0.79,87.3333333333,2.23694740673712,0.09375558525679152,2882.131175307355,1
1398,Moldova,2022,0.53,0.76,0.47,0.27,0.46,0.79,87.3333333333,2.1401803935369,0.07490086232333105,3382.7809634269656,1
1399,Moldova,2023,0.54,0.79,0.47,0.29,0.49,0.79,87.3333333333,2.61708440538272,0.09115679847313383,4182.8209928996985,1
1400,Mongolia,2010,0.4,0.32,0.49,0.07,0.44,0.81,55.6666666667,16.2910691967733,0.022552430691420114,1177.161064311318,1
1401,Mongolia,2011,0.43,0.32,0.52,0.11,0.38,0.83,57.6666666667,16.2910691967733,0.022552430691420114,1710.5842392299082,1
1402,Mongolia,2012,0.44,0.36,0.51,0.14,0.41,0.84,57.6666666667,16.2910691967733,0.022552430691420114,2028.4476439657817,1
1403,Mongolia,2013,0.44,0.45,0.51,0.12,0.27,0.87,57.6666666667,16.2910691967733,0.022552430691420114,1940.7846482268158,1
1404,Mongolia,2014,0.37,0.44,0.51,0.1,0.33,0.87,57.6666666667,19.6159698597296,0.019685293137697762,1890.816989081105,1
1405,Mongolia,2015,0.35,0.43,0.5,0.13,0.19,0.86,57.6666666667,4.16465439611581,0.01989827313569031,1772.3768046173464,1
1406,Mongolia,2016,0.46,0.42,0.49,0.13,0.26,0.87,57.6666666667,16.4846204108777,0.018587504086108268,1660.649663514994,1
1407,Mongolia,2017,0.35,0.4,0.5,0.14,0.21,0.86,57.6666666667,3.46794374833655,0.021279239465336816,1545.025737406521,1
1408,Mongolia,2018,0.42,0.5,0.51,0.13,0.18,0.87,59.6666666667,4.99382130403029,0.02674215106938631,1634.7477795752868,1
1409,Mongolia,2019,0.42,0.52,0.56,0.14,0.21,0.85,70.1666666667,18.9440212140792,0.016745521558378097,1727.7417426890481,1
1410,Mongolia,2020,0.41,0.61,0.54,0.17,0.09,0.84,72.1666666667,2.96619929848136,0.017093662363881552,1620.1251443351744,1
1411,Mongolia,2021,0.44,0.71,0.56,0.17,0.16,0.84,73.6666666667,22.0206999866538,0.018806101138083845,1791.0046161036437,1
1412,Mongolia,2022,0.46,0.69,0.54,0.17,0.27,0.83,75.1666666667,30.8141690897359,0.013659257479452059,2046.1590546798163,1
1413,Mongolia,2023,0.42,0.66,0.52,0.19,0.21,0.83,75.1666666667,22.5365545669935,0.016892964722072565,2396.370864740219,1
1414,Montenegro,2010,0.56,0.56,0.63,0.09,0.56,0.88,71.0,10.3414286330583,0.04242874006827608,4059.8684446794787,1
1415,Montenegro,2011,0.55,0.55,0.64,0.08,0.52,0.86,71.0,8.25360649688876,0.030320485116501848,4598.4547771535035,1
1416,Montenegro,2012,0.56,0.56,0.64,0.07,0.57,0.86,71.0,10.7846783653116,0.03315228734604432,4194.738758390842,1
1417,Montenegro,2013,0.54,0.6,0.64,0.12,0.36,0.86,88.0,7.90450290652619,0.0343503433639664,4342.004258428268,1
1418,Montenegro,2014,0.47,0.58,0.66,0.11,0.39,0.85,90.5,14.6195848959385,0.03393237559559163,4511.828126555639,1
1419,Montenegro,2015,0.47,0.58,0.64,0.11,0.38,0.85,91.0,12.7654405105783,0.04187465054341702,4052.165802292352,1
1420,Montenegro,2016,0.56,0.58,0.63,0.11,0.34,0.86,93.0,5.56462581692143,0.056656629548003754,4338.158759904966,1
1421,Montenegro,2017,0.53,0.73,0.62,0.14,0.38,0.86,93.0,4.23802961613367,0.0494207039565781,4787.027236349304,1
1422,Montenegro,2018,0.56,0.73,0.65,0.13,0.41,0.86,93.0,3.15384813400145,0.043795330904805425,5330.421374097421,1
1423,Montenegro,2019,0.56,0.75,0.68,0.14,0.41,0.85,93.0,6.88996477506703,0.03736849933568341,5328.8976810741715,1
1424,Montenegro,2020,0.59,0.8,0.65,0.16,0.48,0.86,93.0,7.60795093697407,0.04645377015701743,4589.563297385882,1
1425,Montenegro,2021,0.56,0.8,0.66,0.16,0.44,0.85,93.0,9.44448387506183,0.038677810152207066,5813.723753956241,1
1426,Montenegro,2022,0.57,0.79,0.64,0.16,0.46,0.84,93.0,8.2101950697073,0.03469476349825264,6330.9992978161645,1
1427,Montenegro,2023,0.55,0.79,0.63,0.15,0.45,0.84,93.0,7.99520160312392,0.036559161025545905,7841.718133681706,1
1428,Morocco,2010,0.52,0.59,0.22,0.27,0.64,0.9,79.5,3.70391708770955,0.10590262888189172,1465.3102858945151,1
1429,Morocco,2011,0.55,0.64,0.23,0.3,0.63,0.9,79.5,3.70391708770955,0.10590262888189172,1612.9987983439528,1
1430,Morocco,2012,0.57,0.68,0.24,0.3,0.66,0.9,82.5,3.70391708770955,0.10590262888189172,1575.2742029648175,1
1431,Morocco,2013,0.53,0.72,0.25,0.26,0.53,0.9,83.5,3.70391708770955,0.10590262888189172,1631.019191569829,1
1432,Morocco,2014,0.49,0.67,0.26,0.36,0.56,0.9,83.5,3.70391708770955,0.10590262888189172,1907.0456186081828,1
1433,Morocco,2015,0.5,0.66,0.26,0.4,0.52,0.89,83.5,3.70391708770955,0.10590262888189172,1665.509921959219,1
1434,Morocco,2016,0.59,0.65,0.27,0.42,0.49,0.91,83.5,3.74498746856588,0.10885260932487124,1700.928948930421,1
1435,Morocco,2017,0.52,0.67,0.29,0.42,0.52,0.9,83.5,3.86313761323613,0.10943487380685055,1775.7399593487683,1
1436,Morocco,2018,0.56,0.66,0.32,0.45,0.52,0.9,83.5,4.01860219205577,0.10783630779901754,1885.642733995621,1
1437,Morocco,2019,0.58,0.72,0.35,0.46,0.53,0.9,84.5,4.85375388189337,0.11020104483941312,1903.960969170712,1
1438,Morocco,2020,0.57,0.69,0.35,0.48,0.55,0.9,84.5,4.38907114524744,0.10807403446754875,1764.3779696667425,1
1439,Morocco,2021,0.56,0.69,0.36,0.47,0.56,0.9,85.0,4.30127636011555,0.09554781063738135,1990.306543420488,1
1440,Morocco,2022,0.57,0.68,0.35,0.5,0.56,0.9,85.5,4.49838208408388,0.09042844936448138,1916.140608374622,1
1441,Morocco,2023,0.56,0.67,0.37,0.5,0.56,0.9,85.5,5.43070567261144,0.11731884421490439,2080.024199225912,1
1442,Mozambique,2010,0.29,0.24,0.17,0.11,0.44,0.77,50.1666666667,24.740888093136,0.01629070985940622,230.71697798378162,1
1443,Mozambique,2011,0.29,0.22,0.17,0.04,0.52,0.76,52.1666666667,24.740888093136,0.01629070985940622,290.8515560546084,1
1444,Mozambique,2012,0.28,0.17,0.16,0.1,0.49,0.78,53.1666666667,24.740888093136,0.01629070985940622,326.40514444934075,1
1445,Mozambique,2013,0.24,0.25,0.15,0.11,0.32,0.79,53.1666666667,13.6254699105884,0.020701090564892943,330.7411277182809,1
1446,Mozambique,2014,0.16,0.25,0.17,0.09,0.33,0.8,51.1666666667,5.71655076302865,0.030547237112391035,330.75224624026197,1
1447,Mozambique,2015,0.16,0.21,0.16,0.15,0.21,0.81,51.1666666667,11.6693867155464,0.03340842050387487,284.66358845333764,1
1448,Mozambique,2016,0.28,0.26,0.16,0.14,0.17,0.82,51.1666666667,1.62085804316688,0.02721429032821253,197.47027939660438,1
1449,Mozambique,2017,0.16,0.21,0.16,0.12,0.22,0.79,51.1666666667,10.7105159389031,0.01890010978819977,190.91751594464614,1
1450,Mozambique,2018,0.24,0.26,0.17,0.14,0.21,0.78,51.1666666667,4.2932104646686,0.01857209739434938,203.86838798911316,1
1451,Mozambique,2019,0.21,0.29,0.19,0.14,0.1,0.77,51.5,1.08270235723456,0.02175197352859425,209.98839398971538,1
1452,Mozambique,2020,0.19,0.31,0.19,0.16,0.09,0.78,68.5,0.844313381295891,0.025407931772730968,187.228614565363,1
1453,Mozambique,2021,0.18,0.32,0.2,0.17,0.08,0.77,69.5,1.59903962784626,0.024201737028245032,199.03753100551725,1
1454,Mozambique,2022,0.18,0.27,0.19,0.15,0.16,0.76,70.5,3.17962418116621,0.015391464038688445,227.39797464866385,1
1455,Mozambique,2023,0.16,0.28,0.19,0.15,0.15,0.76,70.5,2.74244557815277,0.022609099193339484,255.69572670693287,1
1456,Myanmar,2010,0.13,0.0,0.15,0.06,0.37,0.62,10.8333333333,0.0026812727974368,0.009903757100828166,370.652414466883,1
1457,Myanmar,2011,0.16,0.0,0.16,0.06,0.34,0.65,13.8333333333,0.201949573625045,0.018289640367942932,439.4813757749866,1
1458,Myanmar,2012,0.22,0.09,0.17,0.07,0.47,0.69,16.8333333333,1.01357200229777,0.011954027137302614,445.4287160362431,1
1459,Myanmar,2013,0.15,0.11,0.17,0.03,0.22,0.73,16.8333333333,0.268343903272684,0.017542754027019745,456.9040534784372,1
1460,Myanmar,2014,0.15,0.28,0.18,0.1,0.25,0.74,24.8333333333,0.62703149028518,0.01871769255746572,487.2087998531895,1
1461,Myanmar,2015,0.19,0.28,0.18,0.14,0.25,0.76,41.8333333333,0.469787769200266,0.020748133211152597,452.21873298019244,1
1462,Myanmar,2016,0.33,0.32,0.19,0.11,0.38,0.78,41.8333333333,7.53383676615383,0.022119961690362313,486.29340012834666,1
1463,Myanmar,2017,0.29,0.43,0.2,0.15,0.41,0.79,61.3333333333,6.02870411336858,0.02400876824783579,506.51905486342037,1
1464,Myanmar,2018,0.37,0.55,0.22,0.16,0.39,0.8,65.6666666667,4.51638176248917,0.02174925852265915,531.7601876648062,1
1465,Myanmar,2019,0.39,0.6,0.25,0.2,0.38,0.79,66.0,2.75051999089837,0.02100933650798201,581.0227349861997,1
1466,Myanmar,2020,0.36,0.55,0.25,0.19,0.43,0.79,66.0,3.17252493795944,0.0265070014204905,596.6445510453987,1
1467,Myanmar,2021,0.32,0.45,0.27,0.18,0.49,0.79,66.75,5.06936843360325,0.0186030162784966,495.89328634152685,1
1468,Myanmar,2022,0.32,0.43,0.26,0.16,0.46,0.79,67.5,2.61457839564408,0.019777790017313977,456.48612313486484,1
1469,Myanmar,2023,0.31,0.43,0.25,0.17,0.49,0.8,67.5,2.94631414241606,0.022241650299873888,489.3921714560098,1
1470,Namibia,2010,0.43,0.33,0.34,0.08,0.66,0.88,46.1666666667,1.97419407154468,0.029110671059293863,2923.4402649523586,1
1471,Namibia,2011,0.44,0.32,0.34,0.1,0.63,0.87,54.6666666667,1.82957570454771,0.02424806611293492,3160.191045259036,1
1472,Namibia,2012,0.43,0.31,0.33,0.12,0.65,0.88,60.6666666667,5.36995008672446,0.02011427908441277,3204.441099593863,1
1473,Namibia,2013,0.39,0.33,0.32,0.12,0.5,0.88,61.6666666667,2.79575720376207,0.02040627208281598,3087.0677064397287,1
1474,Namibia,2014,0.29,0.31,0.31,0.09,0.52,0.88,61.6666666667,3.65180641520841,0.022631945366641506,3103.4187155250097,1
1475,Namibia,2015,0.33,0.39,0.32,0.11,0.49,0.88,63.6666666667,0.439319534089059,0.02567831222890991,2766.2573191415236,1
1476,Namibia,2016,0.46,0.42,0.32,0.14,0.44,0.89,64.6666666667,2.22542142743533,0.019366401633592194,2538.382141525574,1
1477,Namibia,2017,0.39,0.49,0.34,0.14,0.47,0.88,64.6666666667,0.181864832454908,0.021402676006775017,3015.3037721108617,1
1478,Namibia,2018,0.45,0.54,0.36,0.15,0.54,0.89,64.6666666667,0.219642433912158,0.01720097142439043,3070.787572540031,1
1479,Namibia,2019,0.45,0.57,0.38,0.14,0.5,0.89,63.6666666667,0.015870922203356,0.018329367228970755,2764.882873286723,1
1480,Namibia,2020,0.45,0.56,0.37,0.17,0.59,0.88,63.6666666667,0.0232766057778038,0.017647937221850842,2279.6264555069297,1
1481,Namibia,2021,0.44,0.52,0.38,0.18,0.63,0.87,63.6666666667,0.0666275179134238,0.021022928074963785,2551.786227697335,1
1482,Namibia,2022,0.44,0.55,0.36,0.18,0.58,0.86,63.6666666667,0.0563656557154242,0.019497300883908136,2410.2432387831414,1
1483,Namibia,2023,0.43,0.54,0.36,0.18,0.6,0.87,63.6666666667,0.0809713952530879,0.02509462041893899,2231.693979410262,1
1484,Nepal,2010,0.37,0.3,0.22,0.15,0.51,0.86,48.0,0.686184564855027,0.027517352547330808,271.5624188216346,1
1485,Nepal,2011,0.4,0.35,0.26,0.14,0.53,0.84,48.0,0.41530803277214,0.025652293586066164,376.28584668569533,1
1486,Nepal,2012,0.41,0.32,0.28,0.16,0.55,0.85,51.0,0.136727857781523,0.027041411499460086,378.2385107586822,1
1487,Nepal,2013,0.38,0.35,0.28,0.17,0.37,0.85,51.0,0.322301825518341,0.02243055169863448,391.63583440449213,1
1488,Nepal,2014,0.32,0.36,0.29,0.19,0.38,0.86,51.3333333333,0.719873715823001,0.026101535591455925,407.1462299224786,1
1489,Nepal,2015,0.31,0.34,0.3,0.18,0.31,0.86,52.3333333333,0.635275666598571,0.029269575362483584,442.49885143440855,1
1490,Nepal,2016,0.43,0.36,0.3,0.19,0.25,0.89,52.3333333333,0.822614406932481,0.03330179952061821,452.64717225761103,1
1491,Nepal,2017,0.32,0.35,0.32,0.19,0.27,0.89,52.3333333333,1.1842599479754,0.023762027819337457,536.2738721282885,1
1492,Nepal,2018,0.45,0.46,0.35,0.19,0.51,0.9,53.3333333333,0.63057636781078,0.02612331295200347,608.3537003584264,1
1493,Nepal,2019,0.41,0.51,0.38,0.21,0.25,0.9,53.3333333333,1.07452984569387,0.034898327182455786,625.9076415679609,1
1494,Nepal,2020,0.42,0.5,0.37,0.22,0.34,0.9,54.3333333333,2.44880014385554,0.03300293679571337,622.5703547290336,1
1495,Nepal,2021,0.39,0.48,0.37,0.22,0.29,0.91,56.3333333333,1.24783157075866,0.02943397544146539,645.6330790413778,1
1496,Nepal,2022,0.41,0.52,0.36,0.24,0.3,0.9,58.3333333333,0.617520704475872,0.031858054384354864,726.5644194238274,1
1497,Nepal,2023,0.42,0.55,0.36,0.24,0.38,0.91,58.3333333333,0.617520704475872,0.031858054384354864,765.412581948777,1
1498,Netherlands,2010,0.94,0.83,0.81,0.71,0.87,0.93,77.5,27.8649964298346,0.03788392215616604,35293.22757859374,2
1499,Netherlands,2011,0.95,0.84,0.81,0.71,0.87,0.93,77.5,25.2390821012445,0.03698023629613249,37684.68870548516,2
1500,Netherlands,2012,0.98,0.8,0.84,0.73,0.88,0.93,83.5,25.4832942720764,0.03476518200794475,34871.2603499703,2
1501,Netherlands,2013,0.97,0.84,0.83,0.71,0.84,0.93,85.5,24.6659051147577,0.03465532992209549,36487.29518561472,2
1502,Netherlands,2014,0.96,0.79,0.84,0.72,0.87,0.93,85.5,24.5559687632591,0.03810519978839972,37581.86326923688,2
1503,Netherlands,2015,0.97,0.85,0.83,0.71,0.86,0.93,85.5,24.074012919385,0.03803485885770971,32305.63850018586,2
1504,Netherlands,2016,0.95,0.82,0.82,0.7,0.84,0.94,87.5,24.0087404866077,0.04069177381280303,33064.59474880293,2
1505,Netherlands,2017,0.97,0.96,0.83,0.7,0.86,0.93,87.5,22.9219025245367,0.04783903525937594,34857.424617838784,2
1506,Netherlands,2018,0.96,0.95,0.87,0.68,0.84,0.93,94.5,22.5132061163246,0.05015476023653997,37920.89843868732,2
1507,Netherlands,2019,0.97,0.95,0.93,0.68,0.85,0.92,94.5,23.0482346929973,0.05335285224840094,37622.74907882761,2
1508,Netherlands,2020,0.95,0.96,0.9,0.67,0.83,0.91,94.5,23.1639760853804,0.05830877323546164,37332.12792709738,2
1509,Netherlands,2021,0.93,0.93,0.92,0.67,0.81,0.91,94.5,22.0023211908273,0.05719673581531168,41764.396304194066,2
1510,Netherlands,2022,0.94,0.91,0.91,0.67,0.8,0.9,94.5,21.9578380124342,0.04151601408727702,40837.28080186326,2
1511,Netherlands,2023,0.95,0.94,0.91,0.68,0.82,0.9,94.5,23.7850619402623,0.04514167898845207,44495.331154786145,2
1512,New Zealand,2010,0.84,0.76,0.87,0.53,0.66,0.96,76.0,9.71533990710258,0.029516954964071335,21687.47023013846,2
1513,New Zealand,2011,0.89,0.93,0.87,0.55,0.66,0.95,76.0,9.97378060511744,0.028891697214304637,24705.035192777144,2
1514,New Zealand,2012,0.9,0.88,0.87,0.56,0.68,0.95,76.0,10.0832140526896,0.028966446431562667,26024.4465169792,2
1515,New Zealand,2013,0.89,0.93,0.86,0.55,0.54,0.95,76.0,10.7264399315762,0.027726551403436637,27691.41902157718,2
1516,New Zealand,2014,0.85,0.85,0.87,0.55,0.56,0.95,76.0,9.91429177740434,0.025474601819271334,29211.80716563135,2
1517,New Zealand,2015,0.84,0.85,0.86,0.56,0.52,0.96,78.0,10.1125452318052,0.02886695924223014,25480.03086037402,2
1518,New Zealand,2016,0.85,0.83,0.84,0.53,0.49,0.97,78.0,10.8777020288641,0.028156281665665608,26316.308246913515,2
1519,New Zealand,2017,0.81,0.88,0.82,0.53,0.51,0.96,78.0,9.2522910740142,0.027195799026007553,27932.156251608983,2
1520,New Zealand,2018,0.83,0.9,0.87,0.52,0.48,0.97,85.5,9.81175442917481,0.027229269841567982,28345.10842658287,2
1521,New Zealand,2019,0.83,0.92,0.92,0.51,0.5,0.96,87.5,9.86594609152879,0.027641588114868856,28067.1719371545,2
1522,New Zealand,2020,0.85,0.94,0.94,0.5,0.53,0.95,88.5,9.60874974217951,0.029600586537234817,27833.004616150145,2
1523,New Zealand,2021,0.84,0.91,0.94,0.48,0.58,0.95,88.5,9.76110781430146,0.03283164569907756,33567.14087830547,2
1524,New Zealand,2022,0.85,0.9,0.93,0.5,0.56,0.95,88.5,12.0543415422888,0.031859597312387286,33098.25681397426,2
1525,New Zealand,2023,0.82,0.89,0.92,0.5,0.52,0.95,88.5,12.6494857356401,0.03134980786402007,33098.25681397426,2
1526,Nicaragua,2010,0.34,0.32,0.28,0.07,0.45,0.79,53.3333333333,5.37471860113166,0.018569035322201635,789.7483777296761,1
1527,Nicaragua,2011,0.34,0.3,0.28,0.07,0.44,0.79,53.3333333333,6.71165299008518,0.017659064860019832,813.8444681096058,1
1528,Nicaragua,2012,0.35,0.34,0.28,0.08,0.44,0.8,55.3333333333,0.245001979336069,0.05795133511645522,857.4317300076832,1
1529,Nicaragua,2013,0.3,0.37,0.27,0.09,0.2,0.81,55.3333333333,0.367682069502376,0.06896697830739706,887.7144259635168,1
1530,Nicaragua,2014,0.21,0.38,0.28,0.0,0.27,0.82,55.3333333333,0.468464498033893,0.06761359092501783,950.7845936275396,1
1531,Nicaragua,2015,0.22,0.36,0.29,0.05,0.19,0.82,54.3333333333,0.583114233618528,0.07347097462879609,1007.648640562624,1
1532,Nicaragua,2016,0.36,0.38,0.29,0.07,0.18,0.84,53.8333333333,0.798662569451357,0.11552270053117679,1054.4384649851074,1
1533,Nicaragua,2017,0.27,0.41,0.31,0.08,0.24,0.85,53.8333333333,0.599501195254011,0.09085346732699018,1097.3753290826269,1
1534,Nicaragua,2018,0.36,0.52,0.33,0.06,0.27,0.84,53.8333333333,0.676886131607261,0.08025404605222387,1038.1735932852573,1
1535,Nicaragua,2019,0.38,0.52,0.36,0.11,0.38,0.81,54.8333333333,1.06257046280076,0.07712997885468253,988.4732594569793,1
1536,Nicaragua,2020,0.35,0.6,0.36,0.07,0.25,0.8,60.8333333333,0.537956804975234,0.07142666754815219,942.3312663744811,1
1537,Nicaragua,2021,0.33,0.58,0.37,0.0,0.36,0.79,61.8333333333,1.21798820225134,0.0717071302753603,987.3772470858654,1
1538,Nicaragua,2022,0.36,0.6,0.36,0.07,0.35,0.79,62.8333333333,1.25539321315719,0.07386215081407581,1076.9091094799599,1
1539,Nicaragua,2023,0.33,0.63,0.35,0.0,0.31,0.8,62.8333333333,0.804653157141111,0.08530442464900183,1213.3462196867627,1
1540,Niger,2010,0.24,0.1,0.04,0.07,0.74,0.68,30.0,8.04653336842423,0.022145335009235243,166.55924094494026,1
1541,Niger,2011,0.25,0.06,0.05,0.11,0.72,0.69,30.0,5.82142653894049,0.03049383797723034,187.30712942331937,1
1542,Niger,2012,0.25,0.0,0.06,0.09,0.77,0.7,34.0,13.1785472255285,0.010673855574837255,184.7409501027849,1
1543,Niger,2013,0.22,0.0,0.06,0.03,0.83,0.71,34.0,57.6881581187528,0.01140446212406749,198.6722150866317,1
1544,Niger,2014,0.17,0.02,0.07,0.09,0.86,0.71,34.0,60.2998175217565,0.013342167329072079,209.55449480361767,1
1545,Niger,2015,0.21,0.03,0.07,0.14,0.83,0.71,34.0,15.8616238445724,0.025998301089806476,187.1283580352951,1
1546,Niger,2016,0.29,0.09,0.08,0.1,0.77,0.72,34.0,6.84597615137191,0.01762978293378077,192.3977055919806,1
1547,Niger,2017,0.24,0.19,0.09,0.08,0.75,0.72,34.0,18.3242722479887,0.012196589393622103,197.3204011239892,1
1548,Niger,2018,0.24,0.17,0.11,0.11,0.51,0.71,63.0,8.5620541870854,0.020406896749750023,212.6948382034818,1
1549,Niger,2019,0.22,0.19,0.13,0.1,0.51,0.71,66.0,5.6497007048141,0.029713913097347413,205.244770470049,1
1550,Niger,2020,0.21,0.23,0.14,0.12,0.51,0.71,68.0,12.240926752223,0.019082496713904457,209.1629847818345,1
1551,Niger,2021,0.18,0.18,0.15,0.1,0.53,0.72,68.0,32.369958747641,0.01383013492779426,225.5543074559104,1
1552,Niger,2022,0.19,0.15,0.14,0.12,0.51,0.71,68.0,13.8708147800163,0.02467376034830513,210.17711341458764,1
1553,Niger,2023,0.18,0.14,0.14,0.11,0.52,0.71,68.0,8.96675024256666,0.03818274314837456,296.9044993800255,1
1554,Nigeria,2010,0.39,0.44,0.36,0.24,0.38,0.72,75.0,1.09005158126034,0.024182897082322644,1118.500727615111,1
1555,Nigeria,2011,0.44,0.65,0.34,0.24,0.37,0.7,75.0,1.2662602205414,0.018047557364676264,1190.8999593727895,1
1556,Nigeria,2012,0.37,0.36,0.35,0.25,0.36,0.71,77.0,1.89161536639165,0.008301830253470126,1321.4933786352176,1
1557,Nigeria,2013,0.36,0.46,0.33,0.25,0.19,0.72,81.0,2.99169141904529,0.010555614471224804,1504.3829170154363,1
1558,Nigeria,2014,0.29,0.45,0.32,0.26,0.21,0.73,81.0,2.10796896763846,0.010359993541349487,1672.6392067559054,1
1559,Nigeria,2015,0.32,0.43,0.33,0.29,0.26,0.73,81.0,11.9058756250214,0.015195046126685948,1502.8858251108484,1
1560,Nigeria,2016,0.43,0.64,0.33,0.26,0.13,0.75,81.0,2.35102616010413,0.016333816276559433,1237.7982753787867,1
1561,Nigeria,2017,0.33,0.49,0.35,0.27,0.17,0.73,81.0,2.3303518190456,0.013277352261166369,1047.0860008801446,1
1562,Nigeria,2018,0.37,0.43,0.38,0.27,0.2,0.71,83.0,1.9287782652252,0.010655186147750129,1070.4481993566078,1
1563,Nigeria,2019,0.35,0.39,0.42,0.3,0.21,0.71,90.0,1.48240117353044,0.0352950096836226,1687.317945775558,1
1564,Nigeria,2020,0.36,0.42,0.41,0.35,0.23,0.71,92.0,6.94412309573588,0.030679891627293673,1465.3610575843595,1
1565,Nigeria,2021,0.36,0.45,0.42,0.36,0.22,0.72,92.0,6.4879650491258,0.01764249666251586,1430.2768042126995,1
1566,Nigeria,2022,0.39,0.46,0.42,0.45,0.13,0.72,92.0,2.38488302901383,0.01467095514955479,1483.641481119874,1
1567,Nigeria,2023,0.39,0.47,0.41,0.44,0.17,0.72,92.0,3.53042370294988,0.015341622072968108,1106.0472761189696,1
1568,North Macedonia,2010,0.59,0.76,0.48,0.11,0.64,0.85,54.1666666667,3.55666779374215,0.032072100687442574,2662.91826364138,1
1569,North Macedonia,2011,0.59,0.76,0.47,0.14,0.61,0.84,54.1666666667,4.1101241476483,0.03589919595352176,2984.4194955375924,1
1570,North Macedonia,2012,0.57,0.68,0.49,0.11,0.63,0.85,59.1666666667,4.0704306600746,0.03220922903575982,2843.6389158855095,1
1571,North Macedonia,2013,0.56,0.74,0.49,0.14,0.5,0.85,75.5,3.78245909545858,0.04228913592917753,3085.7103877940476,1
1572,North Macedonia,2014,0.5,0.69,0.47,0.17,0.56,0.85,81.5,3.29601139484136,0.06693995684764092,3189.435712106936,1
1573,North Macedonia,2015,0.49,0.69,0.45,0.17,0.49,0.86,82.5,3.36913299265342,0.07663659074350426,2827.6511382747603,1
1574,North Macedonia,2016,0.57,0.68,0.46,0.17,0.49,0.86,84.5,2.83705522973465,0.08544980963860872,2997.9637486873403,1
1575,North Macedonia,2017,0.54,0.76,0.48,0.2,0.52,0.86,85.5,3.98163473676236,0.10049256516428247,3247.970901286825,1
1576,North Macedonia,2018,0.57,0.78,0.5,0.18,0.53,0.86,85.5,4.04907678541801,0.11517097045995696,3647.1514291327126,1
1577,North Macedonia,2019,0.57,0.75,0.53,0.19,0.54,0.86,86.5,4.21745567474478,0.11431458546333396,3695.035949840518,1
1578,North Macedonia,2020,0.54,0.74,0.49,0.2,0.55,0.86,86.5,4.18105543036134,0.11546524212180505,3766.357558195767,1
1579,North Macedonia,2021,0.53,0.71,0.51,0.2,0.57,0.85,86.5,4.0331959439009,0.11145564600890118,4318.150300401467,1
1580,North Macedonia,2022,0.56,0.71,0.51,0.21,0.6,0.85,86.5,4.01498490595955,0.11163896022624614,4287.3950896213055,1
1581,North Macedonia,2023,0.6,0.86,0.52,0.21,0.63,0.86,86.5,5.22971063617991,0.12644848494619287,4937.867169768981,2
1582,Norway,2010,0.83,0.68,0.84,0.56,0.71,0.94,82.0,20.3684826960087,0.02791437363008982,46097.325759004445,2
1583,Norway,2011,0.84,0.68,0.83,0.57,0.7,0.94,84.0,21.5440989109981,0.02533515278371648,51195.216315360434,2
1584,Norway,2012,0.85,0.68,0.83,0.57,0.72,0.93,84.0,21.1240532638067,0.025882375994854618,52208.91821180025,2
1585,Norway,2013,0.85,0.72,0.82,0.57,0.62,0.93,92.0,21.0205001240338,0.02903561643721114,53907.56905769857,2
1586,Norway,2014,0.84,0.76,0.83,0.57,0.66,0.94,92.0,22.3154505616718,0.030495421058226856,52187.95127995135,2
1587,Norway,2015,0.84,0.76,0.85,0.55,0.63,0.95,94.0,22.2637499039318,0.031904042942762174,41881.14161289591,2
1588,Norway,2016,0.87,0.75,0.85,0.55,0.61,0.96,94.0,20.9563395259628,0.033851965709302566,41054.66587692756,2
1589,Norway,2017,0.88,0.95,0.86,0.56,0.6,0.96,94.0,21.5970984465797,0.030785429267875888,42851.663825663716,2
1590,Norway,2018,0.9,0.97,0.9,0.56,0.59,0.96,96.5,21.1178200437435,0.0304599608999788,45183.40498806137,2
1591,Norway,2019,0.89,0.95,0.96,0.57,0.6,0.96,96.5,22.4920145628444,0.035058422756672376,43802.59162583846,2
1592,Norway,2020,0.88,0.94,0.92,0.56,0.61,0.96,96.5,22.0688842926826,0.03880780300253809,40733.460142165175,2
1593,Norway,2021,0.87,0.92,0.93,0.58,0.58,0.94,96.5,20.5863715899543,0.02881544844886919,47064.40226894156,2
1594,Norway,2022,0.86,0.9,0.92,0.58,0.53,0.92,96.5,23.8849460450338,0.021116546197024126,45700.09925694802,2
1595,Norway,2023,0.86,0.9,0.9,0.59,0.58,0.94,96.5,25.6746143774999,0.029983688427643783,43712.03431631978,2
1596,Oman,2010,0.49,0.49,0.48,0.19,0.49,0.82,62.6666666667,3.3932296645033,0.015805793176352497,9413.735522004094,1
1597,Oman,2011,0.54,0.64,0.5,0.18,0.47,0.82,68.6666666667,3.3932296645033,0.015805793176352497,9323.209357262,1
1598,Oman,2012,0.56,0.63,0.53,0.21,0.54,0.82,73.0,3.3932296645033,0.015805793176352497,9234.876861908779,1
1599,Oman,2013,0.52,0.67,0.5,0.2,0.34,0.82,75.0,3.4439119744056,0.01607584118652834,9320.216674181444,1
1600,Oman,2014,0.44,0.64,0.47,0.2,0.38,0.83,75.0,4.36109423322214,0.018029103128226802,9800.07122061743,1
1601,Oman,2015,0.46,0.69,0.46,0.2,0.32,0.87,79.0,3.24323565764943,0.023902505074940232,9425.874218628303,1
1602,Oman,2016,0.55,0.69,0.45,0.23,0.26,0.89,79.0,1.52100556342923,0.02317241476490447,9125.316068323616,1
1603,Oman,2017,0.48,0.66,0.45,0.22,0.41,0.89,82.0,1.1167386982334,0.025388126789259356,9270.396288468386,1
1604,Oman,2018,0.54,0.7,0.46,0.28,0.4,0.88,82.0,1.25804048128518,0.0252061803379714,9454.694298354849,1
1605,Oman,2019,0.53,0.72,0.49,0.25,0.4,0.88,88.0,1.50268168879634,0.021800789742465854,9719.247371703337,1
1606,Oman,2020,0.57,0.78,0.47,0.35,0.43,0.89,88.0,8.4956048791117,0.02755758284984258,9235.723220859561,1
1607,Oman,2021,0.56,0.75,0.45,0.42,0.43,0.87,88.0,6.61068684650433,0.0188784249868405,9538.011869383596,1
1608,Oman,2022,0.54,0.72,0.42,0.45,0.41,0.85,88.0,7.61986953322478,0.016063768920711236,9829.654850885348,1
1609,Oman,2023,0.55,0.77,0.41,0.44,0.43,0.87,88.0,5.00539346096146,0.015350873915907457,9526.414700648489,1
1610,Pakistan,2010,0.37,0.43,0.08,0.28,0.55,0.76,79.0,1.72805824162387,0.013577100105468268,519.3181933458907,1
1611,Pakistan,2011,0.38,0.4,0.07,0.33,0.55,0.74,82.0,1.814605630565,0.012208639645151427,586.3132666845812,1
1612,Pakistan,2012,0.35,0.35,0.06,0.3,0.55,0.74,83.0,1.72526018933107,0.012493143065974231,621.3301961414018,1
1613,Pakistan,2013,0.34,0.37,0.06,0.36,0.43,0.74,83.0,1.92488889432761,0.015430337415523382,635.7313102757366,1
1614,Pakistan,2014,0.26,0.36,0.06,0.35,0.45,0.73,83.0,1.44811284723987,0.0172726299844844,653.1077605337151,1
1615,Pakistan,2015,0.25,0.33,0.06,0.31,0.41,0.73,85.0,1.60383333392069,0.023480307499570183,727.3225605019792,1
1616,Pakistan,2016,0.36,0.34,0.08,0.36,0.4,0.75,87.0,1.95739155772638,0.02810521960616818,751.4878052583526,1
1617,Pakistan,2017,0.26,0.25,0.09,0.36,0.42,0.75,87.0,2.1763687688896,0.031102586412821327,808.9810929754923,1
1618,Pakistan,2018,0.32,0.29,0.1,0.34,0.41,0.76,87.0,2.16975284245381,0.0240889532238023,830.6870239257063,1
1619,Pakistan,2019,0.31,0.27,0.12,0.36,0.44,0.74,89.0,2.30269691786268,0.029024736437790244,745.5482575998285,1
1620,Pakistan,2020,0.29,0.27,0.13,0.39,0.48,0.73,89.0,1.88781249603383,0.02543512585448057,686.2472871292114,1
1621,Pakistan,2021,0.3,0.28,0.14,0.45,0.45,0.73,90.0,1.48848823606751,0.020664000241937343,757.1372007963276,1
1622,Pakistan,2022,0.34,0.29,0.14,0.49,0.47,0.73,91.0,1.4322563541998,0.017647438342057828,803.4859110801326,1
1623,Pakistan,2023,0.33,0.3,0.14,0.49,0.47,0.72,91.0,1.90280938998427,0.02546994082065259,693.3481908506591,1
1624,Panama,2010,0.61,0.57,0.45,0.27,0.76,0.9,71.5,0.826039249213509,0.023804404944642695,6114.639379253611,1
1625,Panama,2011,0.6,0.57,0.45,0.18,0.77,0.9,71.5,1.44990604049757,0.020263200097017077,7060.745849809327,1
1626,Panama,2012,0.59,0.52,0.44,0.23,0.76,0.9,76.5,0.41967918324194,0.024633746834784823,7950.784383931288,1
1627,Panama,2013,0.56,0.56,0.44,0.22,0.68,0.88,76.5,0.0461195017892019,0.023387113721735287,8432.996926538868,1
1628,Panama,2014,0.49,0.54,0.44,0.25,0.66,0.9,76.5,0.195655792189705,0.025969736489203615,8893.217699129596,1
1629,Panama,2015,0.48,0.54,0.43,0.17,0.63,0.9,76.5,0.0004672958739144,0.026553608010698324,9386.392999051775,1
1630,Panama,2016,0.6,0.64,0.43,0.22,0.59,0.91,78.5,1.15654400726274,0.026252349218191386,9763.416119685706,1
1631,Panama,2017,0.54,0.6,0.45,0.29,0.62,0.91,78.5,0.294864160259367,0.027229963595865842,10280.131563441837,1
1632,Panama,2018,0.58,0.71,0.46,0.24,0.64,0.91,78.5,0.1253387935194,0.02498817522847935,10629.462689875596,1
1633,Panama,2019,0.59,0.71,0.48,0.3,0.61,0.9,78.5,0.295190561101589,0.03007435188133584,10876.41413439422,1
1634,Panama,2020,0.6,0.82,0.47,0.25,0.63,0.91,78.5,0.743662485653838,0.027015381341978253,9436.75606565557,1
1635,Panama,2021,0.53,0.75,0.48,0.24,0.5,0.91,78.5,0.260062226704829,0.027015381341978253,10571.016654215706,1
1636,Panama,2022,0.54,0.72,0.46,0.27,0.48,0.91,78.5,0.233624548388428,0.027015381341978253,11843.676118436351,1
1637,Panama,2023,0.52,0.77,0.45,0.24,0.45,0.92,78.5,1.00049164015675,0.027015381341978253,12736.479281482223,1
1638,Papua New Guinea,2010,0.25,0.14,0.14,0.08,0.52,0.77,31.5,23.1034017978486,0.022404968720437256,824.1106103491704,1
1639,Papua New Guinea,2011,0.29,0.14,0.15,0.07,0.59,0.76,33.5,23.1034017978486,0.022404968720437256,1076.069748995952,1
1640,Papua New Guinea,2012,0.3,0.32,0.16,0.07,0.47,0.78,33.5,3.95904789882784,0.029818355499879472,1307.0607081847925,1
1641,Papua New Guinea,2013,0.29,0.43,0.17,0.06,0.33,0.79,33.5,7.652849246466034,0.028057515145349553,1293.164622806153,1
1642,Papua New Guinea,2014,0.23,0.42,0.18,0.07,0.4,0.78,33.5,11.346650594104227,0.026296674790819635,1211.145968463441,1
1643,Papua New Guinea,2015,0.23,0.39,0.19,0.11,0.3,0.78,33.5,15.040451941742422,0.024535834436289716,1075.3584115689644,1
1644,Papua New Guinea,2016,0.34,0.52,0.19,0.1,0.26,0.78,33.5,18.734253289380614,0.022774994081759797,1006.0254718689085,1
1645,Papua New Guinea,2017,0.2,0.25,0.21,0.12,0.25,0.77,33.5,22.42805463701881,0.021014153727229878,1028.3250915468486,1
1646,Papua New Guinea,2018,0.28,0.27,0.24,0.1,0.33,0.77,55.5,26.121855984657003,0.01925331337269996,1068.824244640792,1
1647,Papua New Guinea,2019,0.3,0.36,0.27,0.13,0.32,0.76,61.5,29.8156573322952,0.01749247301817004,1077.6045924669763,1
1648,Papua New Guinea,2020,0.26,0.35,0.27,0.14,0.28,0.75,61.5,44.7984045910059,0.016345307169997214,1069.7840198355377,1
1649,Papua New Guinea,2021,0.24,0.34,0.29,0.16,0.25,0.74,62.5,40.0540621623383,0.013067900391023244,1111.0562919561132,1
1650,Papua New Guinea,2022,0.24,0.32,0.28,0.17,0.25,0.73,63.5,11.9718029373386,0.012069373846373863,1208.5869359587791,1
1651,Papua New Guinea,2023,0.22,0.31,0.28,0.15,0.21,0.75,63.5,10.2480784684723,0.016229993963839177,1246.5608182164917,1
1652,Paraguay,2010,0.36,0.38,0.38,0.0,0.47,0.78,54.5,8.62977613635507,0.0235534416446643,2154.5151255815513,1
1653,Paraguay,2011,0.42,0.47,0.38,0.07,0.47,0.79,57.5,10.0073765849156,0.02312770519382877,2604.562931542304,1
1654,Paraguay,2012,0.42,0.44,0.4,0.06,0.5,0.81,57.5,8.83816397312963,0.02358411147228252,2716.2791751917243,1
1655,Paraguay,2013,0.39,0.51,0.4,0.07,0.3,0.82,62.5,8.6267090841696,0.023998009485335484,3023.5815374715353,1
1656,Paraguay,2014,0.33,0.51,0.41,0.1,0.33,0.83,62.5,6.80318285922243,0.026425011845763704,3134.23956039875,1
1657,Paraguay,2015,0.34,0.54,0.4,0.09,0.29,0.84,62.5,6.03842102427882,0.03449665892642844,2859.8452474262403,1
1658,Paraguay,2016,0.47,0.62,0.4,0.12,0.22,0.84,62.5,7.63626798600085,0.031653803937615375,2750.690537007831,1
1659,Paraguay,2017,0.34,0.48,0.4,0.14,0.27,0.84,62.5,6.43135601964578,0.04022863972595713,2950.6703501014254,1
1660,Paraguay,2018,0.41,0.57,0.42,0.13,0.25,0.85,63.5,9.73585990716157,0.03842069969496752,3059.0849119200006,1
1661,Paraguay,2019,0.42,0.63,0.46,0.12,0.25,0.85,63.5,7.18301132925583,0.04068959977479394,2884.8968577342675,1
1662,Paraguay,2020,0.45,0.75,0.46,0.11,0.26,0.85,64.5,5.14832153749358,0.03503833857411982,2583.723291649897,1
1663,Paraguay,2021,0.42,0.72,0.46,0.13,0.27,0.84,64.5,7.42054598468191,0.04052924322306766,2808.694511147213,1
1664,Paraguay,2022,0.43,0.71,0.44,0.14,0.31,0.85,64.5,10.5619939338891,0.04461636810989749,2962.6783692466224,1
1665,Paraguay,2023,0.43,0.75,0.45,0.14,0.26,0.86,64.5,9.9737742969511,0.041591874882866434,3032.781695758682,1
1666,Peru,2010,0.45,0.47,0.39,0.15,0.5,0.8,74.0,8.62089903729252,0.02053265988432981,2482.4745060647074,1
1667,Peru,2011,0.48,0.49,0.4,0.22,0.49,0.81,74.0,6.5422898527516,0.018840493537845254,2799.2829178443203,1
1668,Peru,2012,0.46,0.45,0.4,0.18,0.5,0.81,79.0,4.69465769063035,0.029038982769491604,3202.9224266215115,1
1669,Peru,2013,0.46,0.55,0.41,0.23,0.32,0.82,80.0,5.00038314811373,0.027182911670895142,3408.2043214650225,1
1670,Peru,2014,0.41,0.52,0.41,0.27,0.33,0.83,81.0,4.25218632647416,0.021896250392455015,3493.1047740738704,1
1671,Peru,2015,0.37,0.4,0.41,0.27,0.3,0.84,85.0,5.24340385328889,0.031596712067006844,3367.7776711568868,1
1672,Peru,2016,0.5,0.52,0.41,0.3,0.23,0.85,85.0,4.79971259913924,0.020817303544814075,3376.246760815692,1
1673,Peru,2017,0.41,0.52,0.42,0.27,0.29,0.84,85.0,5.12232328639173,0.020372501577504292,3632.702547900108,1
1674,Peru,2018,0.48,0.61,0.43,0.31,0.26,0.85,85.0,4.68019992138913,0.01821800733799573,3736.158139267507,1
1675,Peru,2019,0.47,0.59,0.47,0.33,0.25,0.84,85.0,4.07500438789898,0.019069460907222023,3827.538591288232,1
1676,Peru,2020,0.47,0.66,0.45,0.3,0.24,0.86,85.0,4.79483390340119,0.02124640691901208,3323.714114770039,1
1677,Peru,2021,0.46,0.65,0.44,0.36,0.22,0.84,85.5,4.46164505002167,0.019190820587785606,3324.758217759763,1
1678,Peru,2022,0.51,0.73,0.44,0.41,0.26,0.84,86.0,4.58946616439539,0.01671726675345055,3653.2330431459923,1
1679,Peru,2023,0.51,0.73,0.44,0.44,0.23,0.84,86.0,5.01572012821525,0.017055830664689946,4038.903911481271,1
1680,Philippines,2010,0.59,0.53,0.39,0.27,0.89,0.8,34.0,60.3176340363727,0.287333832930867,1166.060957686167,3
1681,Philippines,2011,0.61,0.53,0.4,0.32,0.87,0.8,40.0,60.3176340363727,0.287333832930867,1300.799237529987,3
1682,Philippines,2012,0.59,0.4,0.4,0.27,0.92,0.81,40.0,60.3176340363727,0.287333832930867,1451.235003599852,3
1683,Philippines,2013,0.6,0.63,0.41,0.23,0.89,0.82,42.0,60.3176340363727,0.287333832930867,1578.4075399997314,3
1684,Philippines,2014,0.61,0.59,0.43,0.4,0.91,0.82,42.0,60.3176340363727,0.287333832930867,1624.9488531397756,3
1685,Philippines,2015,0.61,0.58,0.43,0.38,0.89,0.83,46.0,60.3176340363727,0.287333832930867,1702.8941057511497,3
1686,Philippines,2016,0.67,0.61,0.43,0.42,0.86,0.85,47.0,60.3176340363727,0.287333832930867,1776.4587988772062,3
1687,Philippines,2017,0.61,0.59,0.43,0.42,0.85,0.85,49.0,60.3176340363727,0.287333832930867,1813.4696214479263,3
1688,Philippines,2018,0.65,0.62,0.45,0.43,0.84,0.86,63.6666666667,61.3459931361948,0.2978885037438546,1894.3293934337012,3
1689,Philippines,2019,0.64,0.6,0.49,0.45,0.83,0.85,72.6666666667,62.2466747019023,0.29498270022531825,2069.454151141807,3
1690,Philippines,2020,0.62,0.62,0.44,0.47,0.85,0.85,75.1666666667,67.0450915850689,0.33743510362315765,1982.210326920974,3
1691,Philippines,2021,0.61,0.66,0.41,0.45,0.86,0.84,76.6666666667,64.2254083346106,0.30597969853621504,2126.9049568598584,3
1692,Philippines,2022,0.62,0.73,0.39,0.41,0.85,0.84,78.1666666667,66.6110921963778,0.3019878110907631,2172.3761106413745,3
1693,Philippines,2023,0.61,0.74,0.38,0.4,0.83,0.85,78.1666666667,63.977928897569,0.28905030964447637,2373.824129240822,3
1694,Poland,2010,0.75,0.61,0.65,0.59,0.78,0.85,88.5,7.71908956828028,0.06874522507642089,6953.700313694573,2
1695,Poland,2011,0.73,0.48,0.66,0.59,0.76,0.85,88.5,6.61892041429249,0.06600382938988131,7529.356587149654,2
1696,Poland,2012,0.82,0.78,0.65,0.6,0.78,0.85,88.5,7.81151383868806,0.06479304360169229,7241.911384680685,2
1697,Poland,2013,0.74,0.54,0.65,0.63,0.7,0.85,86.5,8.74501767247922,0.06602640509479851,7729.212438177054,2
1698,Poland,2014,0.72,0.53,0.68,0.63,0.74,0.86,88.5,10.0686277870269,0.06979689669562038,7944.8424846684575,2
1699,Poland,2015,0.78,0.75,0.67,0.62,0.71,0.86,90.5,10.7755213322015,0.0751486693531049,6988.501552012941,2
1700,Poland,2016,0.83,0.89,0.66,0.63,0.67,0.87,90.5,10.7154228014203,0.07509996402449051,6863.00794130053,2
1701,Poland,2017,0.79,0.84,0.67,0.62,0.69,0.86,90.5,10.6673187252222,0.07103348829136705,7801.328734331476,2
1702,Poland,2018,0.81,0.86,0.7,0.61,0.69,0.86,90.5,10.3950333891095,0.07130039544959546,8835.40158341498,2
1703,Poland,2019,0.8,0.87,0.75,0.6,0.69,0.85,90.5,9.8529348361967,0.07530309335605828,9020.654935955998,2
1704,Poland,2020,0.79,0.89,0.72,0.59,0.69,0.85,90.5,9.86616548997166,0.08741347278286037,9221.545365665399,2
1705,Poland,2021,0.78,0.86,0.73,0.59,0.7,0.84,90.5,9.44556514280936,0.08982885461282118,10520.152400971794,2
1706,Poland,2022,0.78,0.82,0.71,0.6,0.71,0.82,90.5,11.6325877772755,0.08449023727154543,10809.878301688928,2
1707,Poland,2023,0.78,0.86,0.7,0.6,0.71,0.82,90.5,12.1223189735947,0.09039183837786857,12888.794698269947,2
1708,Portugal,2010,0.8,0.83,0.63,0.57,0.67,0.96,90.0,4.07310618132986,0.049764269776833785,14882.024401066574,2
1709,Portugal,2011,0.8,0.83,0.63,0.57,0.67,0.96,92.0,4.12398979203448,0.04785635257657959,15406.113923987077,2
1710,Portugal,2012,0.8,0.79,0.63,0.56,0.7,0.95,92.0,4.49299865197501,0.048037838312841384,13672.350223822721,2
1711,Portugal,2013,0.8,0.83,0.63,0.56,0.59,0.95,92.0,4.70027794789762,0.0469406371814014,14495.93696880704,2
1712,Portugal,2014,0.75,0.76,0.64,0.56,0.63,0.94,92.0,4.88070967963708,0.04597060507411807,14667.72291281948,2
1713,Portugal,2015,0.75,0.77,0.66,0.55,0.59,0.93,93.0,5.07995277461314,0.047456964750689896,12573.991407809328,2
1714,Portugal,2016,0.78,0.75,0.65,0.54,0.57,0.94,95.0,5.80540001054449,0.05219695383874889,13069.4036156361,2
1715,Portugal,2017,0.76,0.88,0.66,0.54,0.58,0.93,95.0,5.98812595371655,0.05266964265657559,13994.247989404581,2
1716,Portugal,2018,0.77,0.86,0.69,0.52,0.57,0.92,95.0,5.28353269409281,0.051553376531015806,15329.751685034513,2
1717,Portugal,2019,0.76,0.85,0.74,0.54,0.57,0.91,95.0,6.94181475443009,0.05450353555023923,15309.996324043143,2
1718,Portugal,2020,0.76,0.84,0.72,0.53,0.59,0.91,95.0,7.1147115711238,0.06047613788447707,14621.041093142709,2
1719,Portugal,2021,0.76,0.85,0.75,0.55,0.59,0.91,96.0,6.250331404512,0.060363254351990615,16079.421467207678,2
1720,Portugal,2022,0.78,0.87,0.74,0.54,0.6,0.9,97.0,6.99049160072585,0.06358929437035482,16297.152186167259,2
1721,Portugal,2023,0.77,0.88,0.74,0.55,0.6,0.9,97.0,6.71084167998399,0.06322712641498468,18319.64497034989,2
1722,Qatar,2010,0.47,0.61,0.4,0.15,0.36,0.84,58.1666666667,0.0055076289269671,0.010477480336326868,29488.529812577483,1
1723,Qatar,2011,0.46,0.62,0.4,0.17,0.31,0.83,61.1666666667,0.0055076289269671,0.010477480336326868,29488.529812577483,1
1724,Qatar,2012,0.47,0.58,0.38,0.18,0.42,0.82,62.1666666667,0.602919142811633,0.010477480336326868,30895.54418833032,1
1725,Qatar,2013,0.45,0.64,0.38,0.25,0.15,0.83,63.1666666667,0.545850322010568,0.009927096136132029,31443.6042191771,1
1726,Qatar,2014,0.39,0.62,0.38,0.3,0.14,0.84,65.1666666667,0.0491247091487031,0.011963179089389049,31484.413149062086,1
1727,Qatar,2015,0.42,0.62,0.35,0.28,0.23,0.88,65.1666666667,1.10477339089951,0.018612283286449403,31780.412679661444,1
1728,Qatar,2016,0.51,0.62,0.34,0.25,0.2,0.91,65.1666666667,0.0011329077873185,0.021086498828890674,31103.53787735077,1
1729,Qatar,2017,0.47,0.74,0.36,0.32,0.26,0.9,66.1666666667,0.0055062022179248,0.018326036459918326,29931.632814004723,1
1730,Qatar,2018,0.52,0.73,0.4,0.32,0.28,0.9,67.1666666667,1.80193719050782,0.015239543796438701,30612.830081895845,1
1731,Qatar,2019,0.53,0.75,0.43,0.36,0.28,0.92,68.1666666667,0.0025038557443289,0.012582192762287454,31050.90669522121,1
1732,Qatar,2020,0.58,0.85,0.42,0.37,0.35,0.94,69.1666666667,7.11180465191852,0.015350480362087611,27259.975704009452,2
1733,Qatar,2021,0.55,0.8,0.46,0.41,0.26,0.93,70.1666666667,1.71940426411282,0.013437477654056992,32122.406099914286,2
1734,Qatar,2022,0.56,0.77,0.44,0.48,0.24,0.91,71.1666666667,2.85969941273396,0.008733319210377946,34186.86296406175,2
1735,Qatar,2023,0.55,0.83,0.44,0.43,0.28,0.92,71.1666666667,2.78003630297901,0.012459964717700571,36610.115150208054,2
1736,Romania,2010,0.8,0.94,0.6,0.55,0.79,0.82,86.0,12.5284153668524,0.09987296027045339,3863.467830389032,2
1737,Romania,2011,0.8,0.93,0.57,0.56,0.78,0.82,86.0,11.6358398403346,0.09880104442797694,4047.4657918750477,2
1738,Romania,2012,0.8,0.89,0.55,0.58,0.79,0.82,86.0,8.17987951236471,0.10269987682612937,4414.468155677553,2
1739,Romania,2013,0.77,0.94,0.5,0.56,0.69,0.82,86.0,7.3981832313214,0.10836841318127102,4801.367676321529,2
1740,Romania,2014,0.74,0.9,0.48,0.56,0.71,0.81,86.0,8.41047672645864,0.10979212629036815,5107.802509156095,2
1741,Romania,2015,0.72,0.9,0.48,0.55,0.67,0.8,86.0,9.41414780224134,0.1215155113669533,4722.450868131129,2
1742,Romania,2016,0.72,0.87,0.48,0.53,0.65,0.81,92.0,10.3924513925489,0.13339978889690726,5183.347846118977,2
1743,Romania,2017,0.69,0.85,0.48,0.55,0.67,0.8,92.0,9.77959738479042,0.12992351499225818,6105.49895243445,2
1744,Romania,2018,0.72,0.91,0.5,0.52,0.67,0.8,93.0,10.0771915943775,0.1327069117219967,7049.498885324513,2
1745,Romania,2019,0.69,0.84,0.53,0.52,0.68,0.79,93.0,11.0725693077429,0.13145539639864862,7534.273032518762,2
1746,Romania,2020,0.7,0.89,0.52,0.53,0.68,0.78,95.0,11.9370424850698,0.13840291566681537,7794.917885453186,2
1747,Romania,2021,0.68,0.86,0.53,0.53,0.68,0.78,95.0,11.4879408346099,0.133848495715179,8873.828662383428,2
1748,Romania,2022,0.7,0.89,0.52,0.52,0.68,0.78,95.0,11.85733755602,0.12677846261877193,9363.182657396892,2
1749,Romania,2023,0.69,0.88,0.52,0.52,0.68,0.78,95.0,12.6747408327123,0.13679298940120074,11112.706853168518,2
1750,Russian Federation,2010,0.74,0.64,0.65,0.66,0.63,0.84,21.0,9.42324237619253,0.02252157022401821,5670.577615296552,1
1751,Russian Federation,2011,0.76,0.66,0.66,0.67,0.62,0.83,21.0,8.42178106569456,0.021539352301021636,7695.922849239567,1
1752,Russian Federation,2012,0.8,0.72,0.67,0.66,0.66,0.84,28.0,9.08148979631111,0.02728476963920091,8395.494875543462,1
1753,Russian Federation,2013,0.79,0.76,0.66,0.67,0.55,0.85,30.0,10.6336135964435,0.02460616104331424,8946.596319824122,1
1754,Russian Federation,2014,0.79,0.79,0.67,0.68,0.58,0.86,30.0,12.1254086015011,0.024429779093827056,7949.994938526029,1
1755,Russian Federation,2015,0.81,0.84,0.67,0.68,0.58,0.86,30.0,15.992066533226,0.023787608513960015,5292.374665775895,1
1756,Russian Federation,2016,0.82,0.82,0.67,0.68,0.56,0.87,30.0,15.7901190501232,0.030328327682372234,5019.641256654566,1
1757,Russian Federation,2017,0.78,0.81,0.68,0.68,0.56,0.86,47.0,12.3246991949294,0.03007976834309698,6070.945635774894,1
1758,Russian Federation,2018,0.79,0.83,0.7,0.68,0.52,0.86,48.5,11.3552822642706,0.027396349756707704,6090.1134926441755,1
1759,Russian Federation,2019,0.79,0.82,0.77,0.69,0.53,0.86,50.5,12.9053155381414,0.02856627451696603,6305.874824773624,1
1760,Russian Federation,2020,0.77,0.82,0.74,0.68,0.51,0.86,54.5,9.19363897787208,0.03453118210693095,5794.966875044404,1
1761,Russian Federation,2021,0.76,0.81,0.76,0.66,0.53,0.85,56.5,9.72984772707015,0.03082441393211391,6850.029898527318,1
1762,Russian Federation,2022,0.77,0.82,0.73,0.66,0.55,0.85,58.5,9.72984772707015,0.03082441393211391,8758.9630764678,1
1763,Russian Federation,2023,0.75,0.82,0.73,0.65,0.48,0.86,58.5,9.72984772707015,0.03082441393211391,8171.521825145333,1
1764,Rwanda,2010,0.29,0.3,0.2,0.09,0.49,0.71,71.3333333333,7.12362497519563,0.04251097192649509,296.0959395825929,1
1765,Rwanda,2011,0.3,0.26,0.21,0.09,0.47,0.72,72.3333333333,13.7254854679033,0.03299517834529759,311.87767990447935,1
1766,Rwanda,2012,0.29,0.22,0.21,0.09,0.49,0.74,72.3333333333,5.08510868802662,0.024947351978577805,345.27368577110536,1
1767,Rwanda,2013,0.24,0.25,0.21,0.1,0.28,0.75,72.3333333333,4.99734663070137,0.029168028795750534,351.0581934091518,1
1768,Rwanda,2014,0.18,0.32,0.19,0.08,0.4,0.75,72.3333333333,11.85599169714,0.02737153868318686,356.83383874009803,1
1769,Rwanda,2015,0.26,0.52,0.18,0.12,0.28,0.77,72.3333333333,15.3250917465076,0.03996363495409159,365.1130872096436,1
1770,Rwanda,2016,0.33,0.52,0.17,0.1,0.22,0.78,78.3333333333,13.5312841197923,0.04923793782681151,359.56715550107,1
1771,Rwanda,2017,0.23,0.38,0.2,0.13,0.26,0.78,78.3333333333,2.66118423802865,0.04862585841065981,363.047819125596,1
1772,Rwanda,2018,0.3,0.4,0.23,0.15,0.26,0.78,78.3333333333,2.58732381679454,0.03151028164201735,383.49026118745394,1
1773,Rwanda,2019,0.28,0.41,0.23,0.15,0.27,0.77,83.3333333333,10.7603832689793,0.03343211760661008,397.7236187605743,1
1774,Rwanda,2020,0.26,0.38,0.23,0.18,0.27,0.78,84.3333333333,7.55938643936416,0.03128152007510234,362.7075524896369,1
1775,Rwanda,2021,0.26,0.39,0.24,0.21,0.3,0.78,85.0,5.10240802707913,0.024913737183888496,395.25602192950345,1
1776,Rwanda,2022,0.33,0.59,0.23,0.21,0.33,0.77,85.6666666667,4.78472979585672,0.02586807789379641,453.2865446612336,1
1777,Rwanda,2023,0.31,0.54,0.24,0.21,0.31,0.78,85.6666666667,4.78472979585672,0.02586807789379641,469.50199538936874,1
1778,Samoa,2010,0.29,0.17,0.45,0.05,0.43,0.77,48.6666666667,1.27117267552834,0.15731133186779786,2399.480082553214,1
1779,Samoa,2011,0.33,0.19,0.48,0.07,0.43,0.79,54.6666666667,1.03005840205815,0.10189546258837111,2694.53721076187,1
1780,Samoa,2012,0.3,0.25,0.46,0.05,0.43,0.78,59.6666666667,0.30125866548095,0.1277552347950849,2707.6862348605023,1
1781,Samoa,2013,0.32,0.29,0.45,0.0,0.48,0.75,59.6666666667,0.695966050719933,0.09564725100648033,2744.348513734889,1
1782,Samoa,2014,0.31,0.29,0.44,0.0,0.4,0.76,59.6666666667,1.97678138434208,0.0772843948019329,2682.139706443208,1
1783,Samoa,2015,0.32,0.3,0.44,0.0,0.43,0.76,59.6666666667,0.824592523393006,0.07827152862965307,2832.878957994003,1
1784,Samoa,2016,0.34,0.31,0.39,0.06,0.38,0.75,59.6666666667,1.01847881441006,0.08303154870049861,2805.2629676846173,1
1785,Samoa,2017,0.36,0.46,0.39,0.06,0.52,0.75,61.6666666667,1.39458610918098,0.05089222903173343,2888.2026733056546,1
1786,Samoa,2018,0.38,0.45,0.41,0.08,0.42,0.8,64.1666666667,3.09527242378611,0.030835417130059748,2944.249755329195,1
1787,Samoa,2019,0.38,0.44,0.42,0.08,0.37,0.81,66.1666666667,2.2790136566569,0.03573154092772292,3001.9498868467963,1
1788,Samoa,2020,0.38,0.39,0.42,0.11,0.49,0.8,71.8333333333,1.67714897889705,0.03650617579602894,2846.9260069388097,1
1789,Samoa,2021,0.36,0.31,0.43,0.09,0.43,0.79,71.8333333333,1.0752843011372,0.03728081066433496,2817.7953981083597,1
1790,Samoa,2022,0.36,,,,,,71.8333333333,0.554369269246782,0.03392931727131152,2984.2810678199025,1
1791,Samoa,2023,0.36,,,,,,71.8333333333,5.7420173193689,0.0324894999379341,3411.480230650185,1
1792,Sao Tome and Principe,2010,0.38,0.37,0.27,0.0,0.6,0.83,51.0,2.00183696900115,0.033383363031990396,674.9897433733072,1
1793,Sao Tome and Principe,2011,0.35,0.37,0.26,0.0,0.46,0.83,53.0,2.00183696900115,0.033383363031990396,840.1593014589359,1
1794,Sao Tome and Principe,2012,0.34,0.33,0.27,0.0,0.49,0.83,53.0,14.5478582760444,0.028171934281194782,856.2792390283574,1
1795,Sao Tome and Principe,2013,0.3,0.42,0.27,0.0,0.3,0.82,56.0,14.5178857105501,0.02890072871458907,981.1506274739164,1
1796,Sao Tome and Principe,2014,0.24,0.47,0.28,0.0,0.34,0.81,57.6666666667,1.3876421304608,0.02582817117480348,1080.5806085030977,1
1797,Sao Tome and Principe,2015,0.25,0.45,0.3,0.0,0.32,0.81,57.6666666667,46.9571385744385,0.029999685290750866,960.8920839014634,1
1798,Sao Tome and Principe,2016,0.36,0.45,0.32,0.0,0.23,0.82,57.6666666667,68.1428492464163,0.04939426252428068,1140.2692259266137,3
1799,Sao Tome and Principe,2017,0.25,0.42,0.33,0.0,0.24,0.81,57.6666666667,34.6641558499787,0.04769942886113006,1260.5868941335073,1
1800,Sao Tome and Principe,2018,0.28,0.43,0.34,0.0,0.14,0.79,67.6666666667,45.9673386504362,0.03716755563931457,1496.659897101462,1
1801,Sao Tome and Principe,2019,0.3,0.4,0.37,0.0,0.36,0.78,67.6666666667,17.0302488293151,0.02816788182731142,1622.0476360200146,1
1802,Sao Tome and Principe,2020,0.3,0.47,0.35,0.0,0.39,0.76,72.6666666667,10.1711732976649,0.03129944650710172,1628.1173601035023,1
1803,Sao Tome and Principe,2021,0.27,0.44,0.37,0.0,0.37,0.74,72.6666666667,8.17926748262372,0.028422199941267143,1782.6928103805533,1
1804,Sao Tome and Principe,2022,0.26,0.4,0.35,0.0,0.4,0.72,72.6666666667,5.29429381815619,0.026919170820840655,1878.1201753033472,1
1805,Sao Tome and Principe,2023,0.26,0.46,0.35,0.0,0.37,0.72,72.6666666667,29.2734328924522,0.032678935022133065,2321.8550182996264,1
1806,Saudi Arabia,2010,0.56,0.44,0.57,0.37,0.51,0.83,72.1666666667,0.750807775284491,0.015295555665252723,8504.912479812967,1
1807,Saudi Arabia,2011,0.57,0.45,0.57,0.44,0.47,0.81,72.1666666667,0.590662977317962,0.013788017551549415,9247.362900496802,1
1808,Saudi Arabia,2012,0.62,0.55,0.57,0.48,0.51,0.82,80.1666666667,0.661180453006294,0.014153076607679595,10123.563778084686,1
1809,Saudi Arabia,2013,0.62,0.66,0.57,0.49,0.33,0.83,81.0,0.712767946904906,0.01579410852046157,10630.242692792363,1
1810,Saudi Arabia,2014,0.57,0.63,0.58,0.51,0.33,0.84,82.0,0.590932385012284,0.0175229055035821,11333.078034183358,1
1811,Saudi Arabia,2015,0.63,0.76,0.58,0.54,0.3,0.86,84.0,0.787374421693095,0.025506138424880205,12010.685937683518,1
1812,Saudi Arabia,2016,0.66,0.63,0.59,0.55,0.27,0.87,86.0,1.30537351092227,0.02468539879948368,11924.568895846276,2
1813,Saudi Arabia,2017,0.61,0.7,0.6,0.54,0.31,0.86,91.0,0.734713774616693,0.018241045766944863,12307.70886238244,1
1814,Saudi Arabia,2018,0.64,0.72,0.64,0.55,0.27,0.86,94.0,0.544773695868422,0.013954104342149304,13512.1893542674,2
1815,Saudi Arabia,2019,0.64,0.74,0.68,0.57,0.24,0.86,94.0,0.644531120548462,0.014699281703157912,14506.678502828834,2
1816,Saudi Arabia,2020,0.67,0.78,0.65,0.59,0.35,0.85,94.0,0.605067588286761,0.019375754946806857,13285.958338443852,2
1817,Saudi Arabia,2021,0.69,0.77,0.71,0.61,0.38,0.85,94.0,0.305715240109385,0.014682737761549802,14620.296271651765,2
1818,Saudi Arabia,2022,0.67,0.76,0.68,0.64,0.29,0.85,94.0,0.29527343068195,0.012927970939777168,15483.673607576655,2
1819,Saudi Arabia,2023,0.67,0.78,0.69,0.64,0.29,0.85,94.0,0.590629141767828,0.019674843812947068,16181.992294135838,2
1820,Senegal,2010,0.36,0.43,0.1,0.11,0.61,0.77,69.3333333333,1.86256927296237,0.016026991612279617,668.9082743678414,1
1821,Senegal,2011,0.37,0.42,0.11,0.12,0.58,0.78,69.3333333333,0.896792231345584,0.018212877725327425,739.076560881477,1
1822,Senegal,2012,0.38,0.38,0.13,0.15,0.61,0.78,71.3333333333,0.866652258345526,0.0156394409716909,712.9893605222969,1
1823,Senegal,2013,0.34,0.42,0.13,0.17,0.44,0.79,71.3333333333,1.48006700980188,0.02001495116097283,727.0782768785289,1
1824,Senegal,2014,0.28,0.43,0.13,0.16,0.49,0.8,71.6666666667,1.83106566694929,0.01834084856857414,749.9251437885129,1
1825,Senegal,2015,0.28,0.42,0.13,0.16,0.44,0.8,73.6666666667,3.74965295934514,0.018832188108192243,626.5042743493141,1
1826,Senegal,2016,0.37,0.39,0.13,0.16,0.37,0.81,73.6666666667,2.71866597279454,0.02026151679533861,658.144637212849,1
1827,Senegal,2017,0.28,0.41,0.13,0.18,0.39,0.81,73.6666666667,2.16301090357622,0.031043393884213906,707.8565078571556,1
1828,Senegal,2018,0.33,0.44,0.13,0.19,0.37,0.81,81.6666666667,2.80905964473892,0.01897900712633408,757.8390353891904,1
1829,Senegal,2019,0.31,0.5,0.14,0.18,0.3,0.8,83.6666666667,0.93592502420732,0.0255104289511364,729.2554625679313,1
1830,Senegal,2020,0.33,0.59,0.13,0.2,0.35,0.8,81.6666666667,0.744159035096107,0.028750638191344897,738.2113132880332,1
1831,Senegal,2021,0.29,0.54,0.14,0.2,0.3,0.79,82.1666666667,1.87918674699481,0.022382241997180082,807.4259182300519,1
1832,Senegal,2022,0.29,0.5,0.14,0.2,0.28,0.8,82.6666666667,2.30068688755071,0.01968184854839664,783.8100247839129,1
1833,Senegal,2023,0.28,0.51,0.14,0.21,0.28,0.81,82.6666666667,1.60473886534447,0.026976117101562416,841.9995327580367,1
1834,Sierra Leone,2010,0.01,0.11,0.11,0.04,0.54,0.0,48.1666666667,0.0084808937256984,0.0275578358974359,316.7441814058078,1
1835,Sierra Leone,2011,0.05,0.09,0.12,0.0,0.62,0.0,48.1666666667,0.0084808937256984,0.0275578358974359,357.3356004299001,1
1836,Sierra Leone,2012,0.09,0.13,0.12,0.0,0.69,0.0,52.1666666667,0.0084808937256984,0.0275578358974359,412.3225801089881,1
1837,Sierra Leone,2013,0.01,0.19,0.11,0.0,0.55,0.0,52.1666666667,0.0084808937256984,0.0275578358974359,464.2511006445006,1
1838,Sierra Leone,2014,0.0,0.3,0.11,0.05,0.47,0.0,52.1666666667,0.0084808937256984,0.0275578358974359,466.76646364390155,1
1839,Sierra Leone,2015,0.0,0.26,0.11,0.0,0.56,0.0,53.1666666667,0.0065370456029266,0.05077597278280415,441.4813933369268,1
1840,Sierra Leone,2016,0.0,0.33,0.11,0.03,0.28,0.0,54.1666666667,0.0012603767364703,0.02363404759448927,378.2975890521778,1
1841,Sierra Leone,2017,0.0,0.31,0.12,0.0,0.43,0.0,54.1666666667,0.0648798184326979,0.02308235628595997,348.7853066761179,1
1842,Sierra Leone,2018,0.05,0.31,0.13,0.05,0.42,0.0,57.1666666667,0.736114020377876,0.026167474579442487,371.5448386734216,1
1843,Sierra Leone,2019,0.0,0.29,0.15,0.05,0.29,0.0,60.1666666667,0.736114020377876,0.026167474579442487,371.9348691324925,1
1844,Sierra Leone,2020,0.0,0.41,0.15,0.1,0.24,0.0,57.1666666667,0.736114020377876,0.026167474579442487,366.79846231198684,1
1845,Sierra Leone,2021,0.0,0.28,0.16,0.1,0.42,0.0,58.1666666667,0.736114020377876,0.026167474579442487,384.801754017843,1
1846,Sierra Leone,2022,0.0,0.28,0.15,0.12,0.38,0.0,59.1666666667,0.736114020377876,0.026167474579442487,362.4362868476346,1
1847,Sierra Leone,2023,0.0,0.31,0.15,0.09,0.36,0.0,59.1666666667,0.736114020377876,0.026167474579442487,319.73010069789865,1
1848,Singapore,2010,0.88,0.79,0.85,0.55,0.87,0.91,85.5,52.3392376030999,0.2594689630898461,32047.027157964414,3
1849,Singapore,2011,0.89,0.72,0.85,0.57,0.87,0.92,86.5,47.7371556953814,0.21721833345587765,37197.56700735152,3
1850,Singapore,2012,0.9,0.68,0.85,0.58,0.89,0.93,86.5,48.4626199153623,0.21454211332512052,38443.70038603018,3
1851,Singapore,2013,0.96,0.93,0.83,0.58,0.87,0.93,86.5,50.3271857168025,0.2293800969078532,40311.464251121375,3
1852,Singapore,2014,0.96,0.95,0.84,0.58,0.89,0.94,88.5,50.6403255755208,0.23439091494068662,40494.1477282159,3
1853,Singapore,2015,0.98,1.0,0.83,0.59,0.89,0.94,88.5,52.2174549984101,0.25753118307137474,38924.621346113694,3
1854,Singapore,2016,0.96,1.0,0.83,0.59,0.88,0.95,88.5,52.2327295013631,0.2672758696810012,40329.213424128764,3
1855,Singapore,2017,0.96,1.0,0.85,0.58,0.88,0.94,88.5,53.0720442885638,0.26273187964070904,43103.35086875449,3
1856,Singapore,2018,0.96,1.0,0.89,0.59,0.87,0.94,91.5,51.57228009959,0.2493051166139931,46388.08893140145,3
1857,Singapore,2019,0.97,1.0,0.95,0.6,0.87,0.94,91.5,51.8165690079601,0.24389220469417697,46695.4135269362,3
1858,Singapore,2020,0.94,0.94,0.92,0.61,0.88,0.93,93.5,55.2615580095711,0.2899655859101572,44278.324929218135,3
1859,Singapore,2021,0.94,0.93,0.94,0.62,0.88,0.93,93.5,54.9722752514087,0.3054436192746674,56175.247708911375,3
1860,Singapore,2022,0.95,0.92,0.92,0.62,0.86,0.93,93.5,56.8269189876243,0.2970813677484939,64655.40405748372,3
1861,Singapore,2023,0.94,0.89,0.91,0.63,0.88,0.94,93.5,56.1383758562278,0.27898775899365763,62086.77397769401,3
1862,Slovak Republic,2010,0.71,0.69,0.63,0.4,0.78,0.84,86.5,7.36428920468002,0.075468052776094,10001.700082736299,2
1863,Slovak Republic,2011,0.73,0.69,0.64,0.42,0.77,0.84,86.5,7.52466327622856,0.07281058127772065,10772.895099012389,2
1864,Slovak Republic,2012,0.76,0.74,0.64,0.43,0.81,0.84,86.5,9.56862397042366,0.06460127356982709,10341.142285508635,2
1865,Slovak Republic,2013,0.76,0.78,0.61,0.47,0.76,0.85,86.5,11.0149736185922,0.06361176623824075,11073.877447083225,2
1866,Slovak Republic,2014,0.69,0.65,0.59,0.48,0.79,0.85,87.5,11.14773596298,0.06656626324717746,10851.164242278159,2
1867,Slovak Republic,2015,0.68,0.65,0.58,0.48,0.74,0.86,87.5,11.1586996928016,0.0700622220233892,9551.552674512119,2
1868,Slovak Republic,2016,0.72,0.64,0.57,0.46,0.72,0.87,87.5,10.7371880441488,0.07350864545328836,9886.741053786349,2
1869,Slovak Republic,2017,0.73,0.88,0.56,0.44,0.74,0.88,87.5,11.7654202302728,0.07300577375731183,10535.779534082385,2
1870,Slovak Republic,2018,0.75,0.89,0.58,0.46,0.73,0.88,88.5,10.6364834767426,0.07833971740530966,11554.630109032856,2
1871,Slovak Republic,2019,0.75,0.89,0.63,0.46,0.72,0.87,88.5,9.91238882702626,0.08087149452446435,11382.701321214116,2
1872,Slovak Republic,2020,0.75,0.93,0.61,0.47,0.72,0.87,88.5,9.99741446798114,0.08530174943821651,11739.743550458019,2
1873,Slovak Republic,2021,0.73,0.85,0.63,0.48,0.73,0.87,88.5,9.00138940151075,0.08547882347295477,13301.793468436606,2
1874,Slovak Republic,2022,0.69,0.73,0.62,0.46,0.71,0.87,88.5,8.49041601420597,0.08712130326268182,12923.79135982775,2
1875,Slovak Republic,2023,0.74,0.91,0.62,0.45,0.72,0.87,88.5,9.7184584659913,0.09179330546427078,14775.137476875307,2
1876,Slovenia,2010,0.74,0.62,0.78,0.37,0.77,0.9,87.5,6.07894837150916,0.07380805245197103,13681.090835429513,2
1877,Slovenia,2011,0.76,0.61,0.78,0.4,0.77,0.9,87.5,6.21454157819942,0.0713805654461412,14507.365333527941,2
1878,Slovenia,2012,0.76,0.58,0.77,0.42,0.8,0.89,89.5,6.66177191299701,0.06947560487860681,12946.52613031642,2
1879,Slovenia,2013,0.75,0.62,0.75,0.42,0.72,0.88,89.5,6.73818283854427,0.06834553748008648,13239.671243355553,2
1880,Slovenia,2014,0.71,0.59,0.78,0.43,0.76,0.86,89.5,6.41719007974407,0.06827955329280959,13542.830983448384,2
1881,Slovenia,2015,0.69,0.59,0.76,0.41,0.72,0.85,89.5,7.00769445649105,0.0691706144651402,11648.205917856916,2
1882,Slovenia,2016,0.76,0.75,0.75,0.4,0.69,0.85,91.5,7.14418674805758,0.07082091746788902,12143.08534835863,2
1883,Slovenia,2017,0.77,0.87,0.77,0.42,0.7,0.85,91.5,6.50844824804584,0.07168169993185432,13186.08876495721,2
1884,Slovenia,2018,0.77,0.87,0.8,0.4,0.7,0.85,91.5,6.83053982321457,0.06775046918889183,14627.682895330137,2
1885,Slovenia,2019,0.78,0.89,0.84,0.39,0.71,0.84,94.0,7.35392450360767,0.06469023000334709,14589.521255609478,2
1886,Slovenia,2020,0.78,0.92,0.81,0.4,0.73,0.83,94.0,7.79985278570807,0.06718430196233509,14518.536825137235,2
1887,Slovenia,2021,0.77,0.87,0.83,0.42,0.75,0.82,94.0,6.20930603257085,0.062440747861999345,16890.714256567568,2
1888,Slovenia,2022,0.76,0.79,0.81,0.42,0.77,0.83,94.0,8.56978643924213,0.05311197929482864,16497.268066229244,2
1889,Slovenia,2023,0.78,0.88,0.81,0.43,0.79,0.82,94.0,8.20345582131026,0.049576643008079686,18900.118575412613,2
1890,Solomon Islands,2010,0.28,0.26,0.27,0.0,0.42,0.76,25.0,2.79939518069534,0.011096516976849196,816.5170378732626,1
1891,Solomon Islands,2011,0.3,0.25,0.29,0.0,0.42,0.75,27.0,2.79939518069534,0.011096516976849196,887.0831058085959,1
1892,Solomon Islands,2012,0.29,0.2,0.29,0.0,0.46,0.76,27.0,2.79939518069534,0.011096516976849196,985.7313419051752,1
1893,Solomon Islands,2013,0.24,0.23,0.28,0.0,0.22,0.8,27.0,2.79939518069534,0.011096516976849196,1084.5772720631874,1
1894,Solomon Islands,2014,0.17,0.25,0.27,0.0,0.34,0.81,31.0,2.79939518069534,0.011096516976849196,1041.594422207441,1
1895,Solomon Islands,2015,0.15,0.21,0.27,0.0,0.18,0.81,30.0,2.79939518069534,0.011096516976849196,1045.0806665037667,1
1896,Solomon Islands,2016,0.27,0.22,0.26,0.0,0.1,0.83,30.0,1.74290501170671,0.020004038346970423,1034.1992520102979,1
1897,Solomon Islands,2017,0.26,0.46,0.26,0.0,0.28,0.82,30.0,1.02247016917326,0.06234829706529362,1057.2591983799398,1
1898,Solomon Islands,2018,0.29,0.49,0.27,0.0,0.14,0.81,30.0,1.35922325473902,0.01756227211992572,1097.0494867342975,1
1899,Solomon Islands,2019,0.29,0.51,0.29,0.0,0.18,0.81,67.5,1.35922325473902,0.01756227211992572,1093.4172715001243,1
1900,Solomon Islands,2020,0.28,0.51,0.28,0.0,0.23,0.81,67.5,1.35922325473902,0.01756227211992572,1003.5221926424034,1
1901,Solomon Islands,2021,0.26,0.48,0.28,0.0,0.28,0.81,68.5,1.35922325473902,0.01756227211992572,965.3271787072403,1
1902,Solomon Islands,2022,0.24,0.41,0.27,0.0,0.24,0.8,69.5,1.35922325473902,0.01756227211992572,916.0170894994674,1
1903,Solomon Islands,2023,0.22,0.44,0.27,0.0,0.21,0.81,69.5,1.35922325473902,0.01756227211992572,903.0031225258429,1
1904,South Africa,2010,0.63,0.43,0.5,0.51,0.64,0.94,52.3333333333,6.23857301454241,0.030166593054785123,5124.970039930154,1
1905,South Africa,2011,0.65,0.46,0.49,0.51,0.65,0.93,52.3333333333,6.20770722603867,0.026433075398690126,5563.062295509641,1
1906,South Africa,2012,0.65,0.43,0.49,0.5,0.67,0.94,52.3333333333,6.68713620452474,0.02621703714530964,5193.860437507622,1
1907,South Africa,2013,0.65,0.57,0.48,0.51,0.54,0.94,54.3333333333,6.52269958623918,0.03021410638136388,4696.199216454347,1
1908,South Africa,2014,0.62,0.6,0.49,0.48,0.59,0.94,61.3333333333,6.66015445560224,0.027938239201486827,4389.115927039917,1
1909,South Africa,2015,0.63,0.59,0.49,0.52,0.56,0.94,66.6666666667,7.40645815320547,0.031102447178941374,3918.1249604025047,1
1910,South Africa,2016,0.68,0.54,0.48,0.5,0.54,0.95,66.6666666667,6.65712319984824,0.02989275839881524,3611.877886908247,1
1911,South Africa,2017,0.63,0.66,0.48,0.5,0.55,0.95,67.6666666667,5.67982442723305,0.028189604626570178,4257.603127583471,1
1912,South Africa,2018,0.66,0.7,0.5,0.49,0.53,0.94,78.0,5.27331266850248,0.026703659167905403,4442.578977342024,1
1913,South Africa,2019,0.66,0.73,0.52,0.5,0.53,0.93,78.0,4.89552263425361,0.027620904743791704,4204.267069194249,1
1914,South Africa,2020,0.66,0.73,0.51,0.48,0.59,0.92,86.0,5.62171975958479,0.026758937318335705,3605.6422976060503,1
1915,South Africa,2021,0.65,0.71,0.51,0.5,0.62,0.9,86.0,5.54756049045268,0.024781551468996656,4284.670930424652,1
1916,South Africa,2022,0.65,0.71,0.5,0.5,0.58,0.9,86.0,5.52196923336353,0.028284882753341088,4069.004788587093,1
1917,South Africa,2023,0.65,0.72,0.5,0.5,0.57,0.91,86.0,4.95551571209936,0.04028998785779274,3784.729767571351,1
1918,Spain,2010,0.81,0.61,0.64,0.73,0.74,0.97,86.0,6.5581983123657,0.04606092989956324,20383.042002919774,2
1919,Spain,2011,0.83,0.61,0.66,0.74,0.74,0.96,86.0,6.58626399247907,0.04192947560036881,21614.94824836423,2
1920,Spain,2012,0.83,0.58,0.67,0.73,0.76,0.96,86.0,7.25080663420199,0.03748935768002008,19577.505069391726,2
1921,Spain,2013,0.82,0.62,0.68,0.73,0.67,0.95,87.0,6.97005295956388,0.038605084753137585,20104.072428178537,2
1922,Spain,2014,0.78,0.6,0.68,0.73,0.7,0.94,88.0,6.91215361464722,0.039527646074762474,20410.55128954317,2
1923,Spain,2015,0.77,0.6,0.68,0.71,0.65,0.93,88.0,6.88833506484239,0.04329574672559859,17728.022650161067,2
1924,Spain,2016,0.82,0.6,0.67,0.71,0.63,0.94,88.0,7.80248141094868,0.04381192610011678,18238.877261256526,2
1925,Spain,2017,0.83,0.89,0.68,0.7,0.64,0.93,90.0,6.99949013494316,0.04312799008938904,19294.817622200288,2
1926,Spain,2018,0.85,0.91,0.71,0.68,0.63,0.92,90.0,6.76693548745416,0.04409679448040316,20846.611438960907,2
1927,Spain,2019,0.85,0.93,0.76,0.68,0.64,0.91,90.0,6.84640091103014,0.04497458178228821,20335.359705846604,2
1928,Spain,2020,0.85,0.92,0.73,0.67,0.69,0.92,91.0,7.76842135531122,0.04914688898591475,18626.705350822827,2
1929,Spain,2021,0.84,0.91,0.75,0.67,0.69,0.91,91.0,9.39320382214351,0.04644119394754785,20775.763013161777,2
1930,Spain,2022,0.85,0.92,0.74,0.67,0.68,0.9,91.0,12.5837187911388,0.04660442895275094,20496.479428656497,2
1931,Spain,2023,0.84,0.93,0.73,0.68,0.66,0.89,91.0,9.56253561613111,0.05151757425224042,23006.225526028134,2
1932,Sri Lanka,2010,0.43,0.3,0.41,0.16,0.61,0.78,56.0,1.13007239627557,0.0259891759007803,1488.7227665558587,1
1933,Sri Lanka,2011,0.46,0.33,0.4,0.19,0.59,0.81,56.0,1.03549950343985,0.023064167153702974,1720.9833803942568,1
1934,Sri Lanka,2012,0.46,0.33,0.4,0.19,0.6,0.81,56.0,0.950920293567033,0.025440369379966354,1803.80418527711,1
1935,Sri Lanka,2013,0.4,0.33,0.4,0.19,0.42,0.81,56.0,1.03921263563127,0.02437213629883294,2038.572030682866,1
1936,Sri Lanka,2014,0.37,0.42,0.4,0.19,0.48,0.82,58.0,0.954466727549862,0.021520797860688102,2169.8236720196264,1
1937,Sri Lanka,2015,0.4,0.48,0.39,0.2,0.42,0.83,57.0,0.891656259432803,0.022507071395611054,2199.7128961755175,1
1938,Sri Lanka,2016,0.49,0.51,0.4,0.23,0.37,0.85,57.0,0.94390431969077,0.027270345960543986,2216.4221253094724,1
1939,Sri Lanka,2017,0.42,0.51,0.41,0.23,0.43,0.85,57.0,1.0199370522552,0.026097626331728296,2297.9586891104323,1
1940,Sri Lanka,2018,0.48,0.55,0.44,0.23,0.4,0.85,57.0,1.0610206169319252,0.02840084797991962,2337.8152645066866,1
1941,Sri Lanka,2019,0.49,0.57,0.5,0.25,0.41,0.85,59.3333333333,1.10210418160865,0.030704069628110946,2275.5168094561527,1
1942,Sri Lanka,2020,0.51,0.62,0.49,0.26,0.47,0.84,63.3333333333,1.25639280641254,0.03053189822569115,2225.1597331485377,1
1943,Sri Lanka,2021,0.48,0.53,0.48,0.27,0.52,0.84,63.833333333300004,1.04519129609506,0.032895957830276455,2233.2781737597356,1
1944,Sri Lanka,2022,0.48,0.54,0.46,0.27,0.5,0.84,64.3333333333,1.0863745770214,0.03299761955935206,1907.5267356945446,1
1945,Sri Lanka,2023,0.46,0.56,0.46,0.27,0.45,0.84,64.3333333333,1.41723845257758,0.03170986959179171,2273.3131049053272,1
1946,St. Lucia,2010,0.5,0.55,0.47,0.0,0.61,0.91,55.3333333333,8.16735170561746,0.03031779189928597,6426.382967288509,1
1947,St. Lucia,2011,0.51,0.55,0.45,0.0,0.61,0.9,69.0,8.16735170561746,0.03031779189928597,6906.267738276844,1
1948,St. Lucia,2012,0.52,0.6,0.46,0.0,0.64,0.91,69.0,8.16735170561746,0.03031779189928597,7041.429883243001,1
1949,St. Lucia,2013,0.48,0.64,0.43,0.0,0.48,0.9,69.0,8.51844542138468,0.025151880435220226,7202.684575802017,1
1950,St. Lucia,2014,0.38,0.61,0.41,0.0,0.48,0.89,73.5,6.26898306984051,0.03198354979414728,7553.672842696481,1
1951,St. Lucia,2015,0.39,0.61,0.42,0.0,0.47,0.89,73.5,4.5586955104063,0.027751476367859348,7646.796620811069,1
1952,St. Lucia,2016,0.49,0.61,0.44,0.03,0.36,0.88,76.5,6.42816003025321,0.03429542699487026,7847.033237306856,1
1953,St. Lucia,2017,0.41,0.6,0.47,0.03,0.4,0.88,76.5,4.56902283276527,0.03168251851643501,8487.421538197877,1
1954,St. Lucia,2018,0.43,0.64,0.47,0.0,0.31,0.87,76.5,14.3495987473129,0.03467255772995907,8785.95255237045,1
1955,St. Lucia,2019,0.44,0.7,0.5,0.0,0.34,0.86,79.5,10.5277013660072,0.03370490051366596,8975.20808981397,1
1956,St. Lucia,2020,0.44,0.76,0.44,0.0,0.31,0.89,79.5,9.33224017462958,0.03456865236461568,5921.957300919439,1
1957,St. Lucia,2021,0.39,0.69,0.43,0.0,0.31,0.87,79.5,9.33224017462958,0.03456865236461568,7769.143091400276,1
1958,St. Lucia,2022,0.4,0.72,0.42,0.0,0.33,0.85,79.5,9.33224017462958,0.03456865236461568,10166.58701200122,1
1959,St. Lucia,2023,0.38,0.74,0.41,0.0,0.28,0.85,79.5,9.33224017462958,0.03456865236461568,10335.54066100014,1
1960,St. Vincent and the Grenadines,2010,0.45,0.55,0.51,0.0,0.37,0.85,77.0,0.155865233476224,0.038211907969976214,4190.005500366637,1
1961,St. Vincent and the Grenadines,2011,0.51,0.55,0.52,0.0,0.59,0.85,77.0,0.0261353035867531,0.03341822208392729,4255.034932325078,1
1962,St. Vincent and the Grenadines,2012,0.47,0.52,0.52,0.0,0.47,0.85,77.0,0.0507560626146984,0.031009175236048576,4426.821400933012,1
1963,St. Vincent and the Grenadines,2013,0.43,0.56,0.52,0.0,0.24,0.85,77.0,0.21402428790732,0.04016807175457222,4653.73701254776,1
1964,St. Vincent and the Grenadines,2014,0.35,0.54,0.53,0.0,0.26,0.85,77.0,0.0460391383268238,0.030230062574494822,4689.257072202157,1
1965,St. Vincent and the Grenadines,2015,0.39,0.7,0.53,0.0,0.15,0.85,79.0,0.0,0.03404778729848736,4759.446245048335,1
1966,St. Vincent and the Grenadines,2016,0.46,0.58,0.53,0.09,0.03,0.86,79.0,0.0040103138372429,0.042073779389767016,4879.183596425881,1
1967,St. Vincent and the Grenadines,2017,0.37,0.59,0.55,0.03,0.13,0.85,79.0,0.0008197641255419,0.037568095363394435,5069.4363386601935,1
1968,St. Vincent and the Grenadines,2018,0.41,0.59,0.58,0.05,0.06,0.85,79.0,0.0010892882727813,0.03983668374088481,5348.107766955331,1
1969,St. Vincent and the Grenadines,2019,0.43,0.66,0.63,0.0,0.14,0.84,81.0,9.92617584682862,0.04108128618622691,5627.750880086073,1
1970,St. Vincent and the Grenadines,2020,0.46,0.76,0.62,0.03,0.12,0.84,81.0,0.0,0.03127336643411847,5279.368002741843,1
1971,St. Vincent and the Grenadines,2021,0.42,0.69,0.63,0.0,0.1,0.84,80.0,0.0034502487133053,0.03959449215194026,5591.191292419405,1
1972,St. Vincent and the Grenadines,2022,0.43,0.73,0.61,0.0,0.16,0.83,79.0,4.0070872997932,0.0441611622821423,6288.26796339487,1
1973,St. Vincent and the Grenadines,2023,0.42,0.78,0.61,0.0,0.1,0.83,79.0,4.93442861881868,0.04740970705507367,7025.168136663058,1
1974,Sudan,2010,0.26,,,,,,51.5,0.0164086407902401,0.013164804554353121,513.3573707864053,1
1975,Sudan,2011,0.26,,,,,,54.5,0.0164086407902401,0.013164804554353121,578.5666921470263,1
1976,Sudan,2012,0.26,0.29,0.14,0.08,0.44,0.72,54.5,0.0164086407902401,0.013164804554353121,469.3971087754147,1
1977,Sudan,2013,0.21,0.3,0.14,0.13,0.18,0.71,56.5,0.847953710103873,0.011782851515458099,521.8090736300169,1
1978,Sudan,2014,0.11,0.3,0.15,0.13,0.16,0.68,56.5,1.09861262459948,0.0178724051195774,587.4276575950823,1
1979,Sudan,2015,0.09,0.25,0.15,0.14,0.05,0.68,57.5,0.691804670187664,0.019925664644759013,630.2695077474656,1
1980,Sudan,2016,0.23,0.3,0.15,0.14,0.0,0.69,60.5,1.15970094833133,0.027364668738292738,518.116648972324,1
1981,Sudan,2017,0.13,0.32,0.15,0.17,0.0,0.69,60.5,0.600626152786153,0.028775115357054775,496.4801989960249,1
1982,Sudan,2018,0.22,0.39,0.17,0.18,0.03,0.7,60.5,2.20240348221045,0.030185561975816812,374.9788187077696,1
1983,Sudan,2019,0.21,0.38,0.18,0.17,0.06,0.69,64.5,2.20240348221045,0.030185561975816812,267.20366115674886,1
1984,Sudan,2020,0.14,0.3,0.18,0.18,0.03,0.67,65.5,2.20240348221045,0.030185561975816812,209.41235523116185,1
1985,Sudan,2021,0.11,0.26,0.18,0.2,0.02,0.65,68.5,2.20240348221045,0.030185561975816812,68.97247258960778,1
1986,Sudan,2022,0.11,0.22,0.18,0.22,0.03,0.64,71.5,2.20240348221045,0.030185561975816812,67.46231995831914,1
1987,Sudan,2023,0.11,0.27,0.18,0.21,0.03,0.65,71.5,2.20240348221045,0.030185561975816812,329.9789252357128,1
1988,Suriname,2010,0.4,0.42,0.41,0.0,0.51,0.78,42.0,14.2240161625846,0.017006825921038412,3832.3770145740586,1
1989,Suriname,2011,0.43,0.48,0.4,0.0,0.52,0.78,44.0,6.93517629273885,0.015007350760586706,3736.205636691978,1
1990,Suriname,2012,0.43,0.44,0.4,0.0,0.54,0.78,46.0,25.0854668842496,0.01377681888957618,4218.261874673775,1
1991,Suriname,2013,0.44,0.71,0.4,0.0,0.29,0.8,46.0,10.884412016941,0.017609526664151665,4592.158980405434,1
1992,Suriname,2014,0.39,0.66,0.4,0.0,0.44,0.8,52.0,14.9350653333148,0.021273589631839233,4760.021549130529,1
1993,Suriname,2015,0.41,0.57,0.4,0.09,0.52,0.82,52.0,10.8128313067046,0.016116288335510053,4803.135662524247,1
1994,Suriname,2016,0.45,0.56,0.4,0.0,0.36,0.83,52.0,20.0322377368517,0.012060773374503867,3221.9024057750908,1
1995,Suriname,2017,0.32,0.5,0.41,0.0,0.3,0.81,54.0,8.27750945429983,0.013503032456375769,2915.0201363366136,1
1996,Suriname,2018,0.37,0.58,0.42,0.0,0.25,0.79,55.0,5.82189672750917,0.014813713839528519,3388.252768498798,1
1997,Suriname,2019,0.38,0.61,0.45,0.06,0.19,0.78,59.0,12.5218071779899,0.01619489834088709,3671.295591723548,1
1998,Suriname,2020,0.36,0.61,0.43,0.03,0.22,0.78,60.0,2.51195891099727,0.012881692997140546,2467.463940192041,1
1999,Suriname,2021,0.35,0.61,0.43,0.03,0.3,0.75,60.0,4.63398792876065,0.013546547531860804,2534.0518345899472,1
2000,Suriname,2022,0.36,0.6,0.42,0.0,0.39,0.76,60.0,11.3501449837729,0.015027408972462202,2924.5674229555784,1
2001,Suriname,2023,0.32,0.6,0.42,0.0,0.28,0.74,60.0,3.21274943551639,0.018758629357028857,2696.4817839927427,1
2002,Sweden,2010,0.92,0.81,0.78,0.66,0.88,0.94,71.0,19.4114842380157,0.06516666325260234,33072.34021439198,2
2003,Sweden,2011,0.94,0.86,0.77,0.65,0.88,0.94,73.0,18.6981620670435,0.05993320095522872,38279.48336998785,2
2004,Sweden,2012,0.95,0.82,0.77,0.67,0.89,0.94,75.0,17.9838317924104,0.05472620357612874,37134.00251032326,2
2005,Sweden,2013,0.95,0.87,0.76,0.66,0.86,0.94,86.0,18.0253832958642,0.05166064876845399,39806.8671397324,2
2006,Sweden,2014,0.95,0.79,0.86,0.67,0.87,0.94,88.0,17.8774672401497,0.05134979820685206,39275.001195521705,2
2007,Sweden,2015,1.0,0.97,0.85,0.67,0.85,0.94,88.0,18.1290954128906,0.05303535883402151,33373.96661335819,2
2008,Sweden,2016,0.97,0.93,0.85,0.67,0.82,0.95,88.0,17.8376016375053,0.053761263544490276,33690.781630451216,2
2009,Sweden,2017,0.98,0.98,0.88,0.67,0.82,0.95,88.0,15.1103424459526,0.05313546568772094,34561.150253351116,2
2010,Sweden,2018,0.98,0.97,0.93,0.66,0.82,0.95,88.0,14.1643140590828,0.05186905310188775,35057.26289080652,2
2011,Sweden,2019,1.0,0.99,1.0,0.66,0.84,0.94,88.0,14.5057835745267,0.05117894477184977,33592.452714059604,2
2012,Sweden,2020,0.97,0.95,0.95,0.66,0.84,0.94,88.0,15.1359508380239,0.05693681725503913,34510.01682795142,2
2013,Sweden,2021,0.96,0.91,0.97,0.66,0.83,0.94,88.0,13.9348317468926,0.05783951004371788,39359.63615396622,2
2014,Sweden,2022,0.97,0.89,0.96,0.66,0.82,0.94,88.0,17.2566541363702,0.055676899813826404,34923.091711349574,2
2015,Sweden,2023,0.97,0.89,0.95,0.67,0.85,0.94,88.0,17.6238520277113,0.06334855991761716,35973.02087142637,2
2016,Switzerland,2010,0.9,0.63,0.75,0.7,0.94,0.96,89.0,25.8090118685212,0.04921086360512009,54367.63998677224,2
2017,Switzerland,2011,0.92,0.7,0.73,0.7,0.94,0.96,89.0,25.2735394877831,0.04728474164996733,64038.61459126335,2
2018,Switzerland,2012,0.93,0.66,0.73,0.71,0.93,0.96,89.0,26.0587678960902,0.03132653094217193,61361.87271537907,2
2019,Switzerland,2013,0.95,0.79,0.73,0.7,0.9,0.96,89.0,26.7510678341774,0.027995123437953674,62324.24986576356,2
2020,Switzerland,2014,0.92,0.73,0.74,0.7,0.93,0.96,93.0,26.6587283403628,0.03246287855114101,63659.10231361608,2
2021,Switzerland,2015,0.92,0.73,0.74,0.69,0.92,0.96,93.0,27.0515100038866,0.031546561193412086,60367.219446684634,2
2022,Switzerland,2016,0.92,0.66,0.74,0.69,0.91,0.98,94.0,27.335457169438,0.02946827663093678,59362.07964439988,2
2023,Switzerland,2017,0.96,0.93,0.75,0.68,0.91,0.97,94.5,14.0238568621919,0.031035286692664723,59297.27622859566,2
2024,Switzerland,2018,0.96,0.93,0.79,0.68,0.9,0.98,94.5,13.3182169315591,0.03229646284036341,61410.63184876248,2
2025,Switzerland,2019,0.96,0.95,0.85,0.67,0.91,0.97,94.5,12.9094936723953,0.031689474642305135,60451.60499241891,2
2026,Switzerland,2020,0.96,0.98,0.83,0.67,0.9,0.96,95.5,12.8450867094278,0.0301101334402898,61632.00976168868,2
2027,Switzerland,2021,0.92,0.86,0.84,0.67,0.9,0.96,95.5,14.2350632729725,0.030726183811943912,66438.80259299508,2
2028,Switzerland,2022,0.93,0.86,0.82,0.68,0.88,0.96,95.5,29.9881397976664,0.0305520682754782,68125.79304152903,2
2029,Switzerland,2023,0.93,0.87,0.82,0.69,0.88,0.97,95.5,29.3340286978728,0.03062374575381885,72613.25189836527,2
2030,Tajikistan,2010,0.34,0.33,0.33,0.0,0.55,0.73,16.0,33.786721545945,0.033456765307304924,332.48008726473415,1
2031,Tajikistan,2011,0.36,0.32,0.33,0.0,0.55,0.74,20.0,33.786721545945,0.033456765307304924,353.71207442610756,1
2032,Tajikistan,2012,0.35,0.29,0.32,0.06,0.57,0.74,20.0,33.786721545945,0.033456765307304924,414.49479553803155,1
2033,Tajikistan,2013,0.28,0.31,0.31,0.0,0.35,0.76,20.0,33.786721545945,0.033456765307304924,453.03286133072135,1
2034,Tajikistan,2014,0.22,0.32,0.31,0.03,0.39,0.77,21.0,33.786721545945,0.033456765307304924,444.6281706612208,1
2035,Tajikistan,2015,0.21,0.3,0.3,0.03,0.33,0.77,21.0,33.786721545945,0.033456765307304924,374.89912396978775,1
2036,Tajikistan,2016,0.33,0.36,0.3,0.05,0.26,0.77,21.0,33.786721545945,0.033456765307304924,293.07365191971786,1
2037,Tajikistan,2017,0.23,0.32,0.3,0.08,0.31,0.73,19.0,14.4773689201353,0.02943197418761719,322.46132519112706,1
2038,Tajikistan,2018,0.24,0.32,0.31,0.0,0.2,0.72,19.0,4.17841934111414,0.03478322695133681,306.56745709660225,1
2039,Tajikistan,2019,0.24,0.29,0.33,0.11,0.19,0.71,19.0,4.52885647845312,0.030720551831479273,322.9738424720602,1
2040,Tajikistan,2020,0.18,0.28,0.32,0.11,0.02,0.72,19.0,2.60766316096919,0.030507452194617143,294.1127592347592,1
2041,Tajikistan,2021,0.17,0.26,0.32,0.1,0.15,0.69,19.0,0.408284648961987,0.04056985208555629,299.294851818872,1
2042,Tajikistan,2022,0.19,0.25,0.31,0.1,0.23,0.7,19.0,1.62712759033372,0.026060477015733635,358.9039645575288,1
2043,Tajikistan,2023,0.17,0.26,0.31,0.1,0.12,0.72,19.0,15.2077910112936,0.018481310617248378,409.0299459650952,1
2044,Tanzania,2010,0.28,0.21,0.12,0.18,0.52,0.71,56.3333333333,3.98282829372689,0.022758335419730265,309.8133646946988,1
2045,Tanzania,2011,0.28,0.18,0.14,0.15,0.52,0.71,56.3333333333,5.6935193132741,0.022145324607037293,311.7531875392616,1
2046,Tanzania,2012,0.28,0.14,0.12,0.17,0.56,0.72,56.3333333333,10.6907625514457,0.02168975480280701,339.90210396149934,1
2047,Tanzania,2013,0.22,0.22,0.11,0.17,0.32,0.72,69.6666666667,6.14343389108833,0.01834910249040624,376.46885929879994,1
2048,Tanzania,2014,0.15,0.27,0.09,0.19,0.33,0.73,73.6666666667,3.38430206253493,0.026517791116183697,409.96517333799625,1
2049,Tanzania,2015,0.19,0.27,0.08,0.18,0.43,0.74,73.6666666667,0.816770095267228,0.03404446593097586,368.50531203246106,1
2050,Tanzania,2016,0.28,0.35,0.06,0.19,0.21,0.74,73.6666666667,2.31952756480127,0.026668128213534568,364.8056108930767,1
2051,Tanzania,2017,0.17,0.33,0.05,0.18,0.24,0.73,75.6666666667,2.55837018191353,0.02912971454488171,363.39460636144145,1
2052,Tanzania,2018,0.27,0.35,0.07,0.18,0.46,0.73,75.6666666667,6.89164359708857,0.04359518326201079,369.61757312986396,1
2053,Tanzania,2019,0.21,0.34,0.09,0.19,0.17,0.72,75.6666666667,1.28442528941505,0.028365844555487373,379.8515440133924,1
2054,Tanzania,2020,0.2,0.41,0.11,0.2,0.16,0.72,75.6666666667,2.68761929554671,0.030872943543106778,370.9894737809671,1
2055,Tanzania,2021,0.2,0.43,0.12,0.21,0.17,0.71,77.6666666667,1.68293471092468,0.024790826695388856,366.06158197149176,1
2056,Tanzania,2022,0.19,0.4,0.1,0.21,0.16,0.73,79.6666666667,1.70363565960126,0.02464407793586971,358.6878329166938,1
2057,Tanzania,2023,0.18,0.39,0.1,0.23,0.15,0.75,79.6666666667,5.06811053608461,0.02376834795088848,340.44830563976586,1
2058,Thailand,2010,0.66,0.69,0.39,0.36,0.79,0.93,73.1666666667,26.2989283157735,0.1152922888477539,2464.8524003310354,2
2059,Thailand,2011,0.67,0.69,0.39,0.4,0.76,0.94,73.1666666667,22.6972118999979,0.09934440460188806,2709.7468005670944,2
2060,Thailand,2012,0.69,0.68,0.38,0.44,0.79,0.94,73.1666666667,22.97873426814,0.09422496491792753,2928.733874988252,2
2061,Thailand,2013,0.67,0.75,0.37,0.43,0.7,0.95,78.833333333,22.1460745135469,0.0946313202643463,3116.1147176936242,2
2062,Thailand,2014,0.61,0.64,0.38,0.45,0.75,0.95,79.8333333333,22.6439946046819,0.10200627817598838,3083.22286101813,2
2063,Thailand,2015,0.66,0.68,0.49,0.44,0.71,0.95,79.8333333333,23.9081912453329,0.1102148438411372,3125.9167743805556,2
2064,Thailand,2016,0.72,0.73,0.48,0.42,0.69,0.96,79.8333333333,24.1533912741093,0.11574403970748223,3263.0205778925756,2
2065,Thailand,2017,0.69,0.79,0.48,0.48,0.68,0.96,79.8333333333,25.0947352815091,0.11488195816140384,3628.195662402447,2
2066,Thailand,2018,0.71,0.79,0.5,0.49,0.68,0.96,82.8333333333,23.7010461775138,0.1112038593967087,4050.8265470036117,2
2067,Thailand,2019,0.7,0.8,0.52,0.49,0.66,0.95,84.6666666667,24.1456146250576,0.11081120578204895,4432.411454392591,2
2068,Thailand,2020,0.68,0.82,0.49,0.47,0.66,0.95,84.6666666667,27.6476472642596,0.1243972842679348,4052.1223041949415,2
2069,Thailand,2021,0.69,0.84,0.5,0.49,0.67,0.96,85.6666666667,24.6642800019366,0.12323793097448738,3971.4700194253705,2
2070,Thailand,2022,0.69,0.84,0.47,0.51,0.69,0.95,86.6666666667,25.8377488104933,0.12559816825242126,3880.209002552243,2
2071,Thailand,2023,0.68,0.83,0.47,0.53,0.67,0.96,86.6666666667,26.0506229435129,0.13591353918485585,4206.027038686984,2
2072,Timor-Leste,2010,0.32,0.22,0.43,0.0,0.52,0.72,8.0,0.0072955424235791,0.012469649118101105,560.4253184986037,1
2073,Timor-Leste,2011,0.31,0.21,0.43,0.0,0.4,0.72,8.0,0.0072955424235791,0.012469649118101105,628.8855308485624,1
2074,Timor-Leste,2012,0.29,0.2,0.39,0.0,0.36,0.73,10.0,0.0072955424235791,0.012469649118101105,706.8970782084078,1
2075,Timor-Leste,2013,0.25,0.33,0.36,0.0,0.05,0.73,11.6666666667,0.0072955424235791,0.012469649118101105,740.3930965987867,1
2076,Timor-Leste,2014,0.24,0.48,0.34,0.0,0.2,0.73,32.1666666667,0.0072955424235791,0.012469649118101105,777.5604568805368,1
2077,Timor-Leste,2015,0.19,0.46,0.32,0.0,0.04,0.73,32.1666666667,0.0072955424235791,0.012469649118101105,840.9676574524347,1
2078,Timor-Leste,2016,0.34,0.46,0.3,0.05,0.25,0.73,32.1666666667,0.0072955424235791,0.012469649118101105,884.6445773780522,1
2079,Timor-Leste,2017,0.16,0.28,0.3,0.0,0.14,0.75,34.1666666667,0.0072955424235791,0.012469649118101105,874.2149851606491,1
2080,Timor-Leste,2018,0.26,0.29,0.33,0.05,0.23,0.75,34.1666666667,0.0072955424235791,0.012469649118101105,835.7312719406658,1
2081,Timor-Leste,2019,0.22,0.25,0.37,0.03,0.22,0.73,34.1666666667,0.0072955424235791,0.012469649118101105,862.9687960136363,1
2082,Timor-Leste,2020,0.19,0.3,0.38,0.0,0.1,0.72,48.1666666667,0.0072955424235791,0.012469649118101105,788.1725803007043,1
2083,Timor-Leste,2021,0.22,0.28,0.42,0.1,0.23,0.67,49.1666666667,0.0271228875443355,0.007890125117772531,817.5430825619733,1
2084,Timor-Leste,2022,0.2,0.2,0.44,0.0,0.28,0.72,50.1666666667,6.82976698503659,0.021624625274006427,851.1083744042226,1
2085,Timor-Leste,2023,0.24,0.27,0.45,0.07,0.25,0.77,50.1666666667,1.52605032155587,0.027050368403050175,916.4603499270888,1
2086,Togo,2010,0.3,0.22,0.24,0.07,0.52,0.74,46.0,0.0484325537184544,0.015046820600542975,356.88558535176503,1
2087,Togo,2011,0.3,0.19,0.25,0.04,0.5,0.76,50.0,0.195578045068128,0.008773819829958307,398.66798310965675,1
2088,Togo,2012,0.31,0.15,0.27,0.09,0.53,0.77,52.0,0.171441832195438,0.00622810269658943,397.4991743410289,1
2089,Togo,2013,0.25,0.16,0.27,0.08,0.32,0.79,52.0,0.220281403444823,0.010497176559456829,424.684362159718,1
2090,Togo,2014,0.19,0.2,0.28,0.09,0.4,0.79,52.0,0.154374793406122,0.016608180302842206,414.65268684039506,1
2091,Togo,2015,0.2,0.17,0.29,0.07,0.33,0.8,52.0,0.804645068568947,0.020844032827091623,369.30006709734386,1
2092,Togo,2016,0.35,0.27,0.29,0.07,0.37,0.81,58.0,0.0998030691143818,0.02508962454187045,389.0060241725674,1
2093,Togo,2017,0.27,0.27,0.32,0.08,0.38,0.81,60.0,0.740557470665412,0.013812646650202416,400.71517739325617,1
2094,Togo,2018,0.34,0.29,0.35,0.13,0.36,0.8,60.0,0.0906626481003325,0.016329665949888706,430.0891885357047,1
2095,Togo,2019,0.34,0.34,0.38,0.12,0.38,0.8,66.6666666667,0.0535470312830166,0.015211359543750523,423.3535657647168,1
2096,Togo,2020,0.34,0.42,0.38,0.08,0.43,0.79,69.6666666667,0.237930203742775,0.02628502576254068,444.7712648488809,1
2097,Togo,2021,0.3,0.36,0.39,0.1,0.36,0.78,70.1666666667,0.32609213809593,0.02130115852577267,478.2501530938767,1
2098,Togo,2022,0.32,0.34,0.37,0.14,0.39,0.79,70.6666666667,0.301071945203147,0.025889681381941882,463.8291147525693,1
2099,Togo,2023,0.33,0.39,0.37,0.14,0.37,0.8,70.6666666667,0.573585599316818,0.02467700200459315,514.539023869977,1
2100,Trinidad and Tobago,2010,0.45,0.46,0.46,0.13,0.46,0.8,77.5,0.0922527285695638,0.012401887913047669,7652.787072298542,1
2101,Trinidad and Tobago,2011,0.46,0.47,0.46,0.13,0.44,0.79,77.5,0.122741211046389,0.008828791415101423,8232.317647187878,1
2102,Trinidad and Tobago,2012,0.46,0.43,0.46,0.12,0.51,0.79,80.5,0.760076691657486,0.011339654869504988,9924.017186094905,1
2103,Trinidad and Tobago,2013,0.4,0.47,0.46,0.09,0.27,0.79,82.5,0.181445808006639,0.00789407823589428,10797.828424948511,1
2104,Trinidad and Tobago,2014,0.35,0.47,0.48,0.14,0.32,0.8,82.5,0.124931158230268,0.009892217684985431,11521.095525180419,1
2105,Trinidad and Tobago,2015,0.42,0.62,0.48,0.11,0.39,0.81,84.5,0.137939995933791,0.015022949868869956,11633.508038650125,1
2106,Trinidad and Tobago,2016,0.51,0.65,0.48,0.13,0.26,0.83,87.0,0.157263834515161,0.014397843816943598,10552.611909572455,1
2107,Trinidad and Tobago,2017,0.46,0.66,0.51,0.16,0.33,0.83,87.0,0.19754661450502,0.013633367395314715,10403.88437528661,1
2108,Trinidad and Tobago,2018,0.53,0.79,0.53,0.13,0.36,0.83,87.0,0.147211459065661,0.012964774218012207,10049.883588408931,1
2109,Trinidad and Tobago,2019,0.52,0.79,0.57,0.14,0.31,0.83,87.0,0.332515325398055,0.016927792527871216,10377.030110302167,1
2110,Trinidad and Tobago,2020,0.54,0.82,0.56,0.13,0.39,0.84,87.0,0.17586322664858,0.0202950330148757,9585.69339545351,1
2111,Trinidad and Tobago,2021,0.52,0.78,0.57,0.14,0.38,0.82,88.0,0.102834401912664,0.014808807328716159,9718.30693057896,1
2112,Trinidad and Tobago,2022,0.47,0.75,0.56,0.16,0.19,0.81,89.0,0.0822278998582187,0.011983854414948392,10603.29387520173,1
2113,Trinidad and Tobago,2023,0.48,0.79,0.55,0.15,0.28,0.83,89.0,0.223229642343117,0.014206602490462905,11046.06724044358,1
2114,Tunisia,2010,0.6,0.56,0.5,0.35,0.69,0.85,57.0,8.00203925750649,0.12516969266482725,2399.0514827485467,1
2115,Tunisia,2011,0.63,0.56,0.48,0.38,0.71,0.86,57.0,8.30214807388951,0.13498124184862179,2512.434603445515,1
2116,Tunisia,2012,0.63,0.59,0.47,0.38,0.73,0.86,63.5,7.04236030847263,0.12243564554750715,2453.5121813945534,1
2117,Tunisia,2013,0.62,0.62,0.47,0.39,0.62,0.86,66.1666666667,6.42173605170587,0.12793338902492635,2535.514629422447,1
2118,Tunisia,2014,0.56,0.59,0.46,0.4,0.67,0.87,69.1666666667,6.76541303361882,0.1353449218293796,2564.1798779950536,1
2119,Tunisia,2015,0.57,0.63,0.46,0.38,0.62,0.87,69.1666666667,7.78542972606668,0.14315917802018763,2366.641936075265,1
2120,Tunisia,2016,0.63,0.63,0.45,0.37,0.59,0.88,70.1666666667,7.85596751497277,0.15278165430415694,2297.2243525632175,1
2121,Tunisia,2017,0.58,0.63,0.47,0.42,0.6,0.88,71.1666666667,7.38975259439514,0.1620759988250488,2181.1152689530268,1
2122,Tunisia,2018,0.61,0.65,0.49,0.43,0.59,0.88,73.8333333333,6.76449990449832,0.15860301345312777,2157.239024577549,2
2123,Tunisia,2019,0.59,0.66,0.53,0.4,0.57,0.87,75.8333333333,6.88585735055521,0.16036838967073316,2115.266265980434,2
2124,Tunisia,2020,0.56,0.63,0.51,0.39,0.55,0.87,75.8333333333,7.64832224466298,0.1580833743942083,2135.934208454837,1
2125,Tunisia,2021,0.55,0.6,0.52,0.41,0.57,0.87,75.8333333333,7.16831118373217,0.15878889751189948,2325.768261552591,1
2126,Tunisia,2022,0.55,0.58,0.5,0.42,0.58,0.87,75.8333333333,7.1898860861443,0.14161252296617066,2263.9970445387594,1
2127,Tunisia,2023,0.53,0.56,0.5,0.41,0.57,0.87,75.8333333333,7.70110744284105,0.15917784720278103,2453.372030560855,1
2128,Turkiye,2010,0.66,0.76,0.44,0.54,0.61,0.84,79.2,2.19482435202622,0.0523936347708638,5847.874136207549,1
2129,Turkiye,2011,0.63,0.57,0.46,0.54,0.6,0.85,79.2,2.11064560791653,0.04962275239958074,6048.091876347154,1
2130,Turkiye,2012,0.64,0.53,0.48,0.55,0.63,0.85,79.2,2.15485262575385,0.04543824438004478,6370.079452294752,1
2131,Turkiye,2013,0.61,0.57,0.48,0.49,0.5,0.87,85.8,3.13055257636753,0.047564102346523106,6742.882305961707,1
2132,Turkiye,2014,0.58,0.55,0.55,0.5,0.54,0.87,89.8,3.37973172045524,0.048384489662594274,6572.138645714181,1
2133,Turkiye,2015,0.59,0.55,0.57,0.52,0.49,0.88,89.8,3.43610443571744,0.050124142737197806,5904.852476170446,1
2134,Turkiye,2016,0.67,0.55,0.58,0.52,0.45,0.89,92.5,3.03814599740941,0.056363436937730015,5892.495013975864,2
2135,Turkiye,2017,0.65,0.67,0.61,0.56,0.48,0.89,92.5,3.23291293505096,0.05463579321021167,5761.308719205349,2
2136,Turkiye,2018,0.69,0.69,0.65,0.57,0.47,0.89,92.5,2.67353129854845,0.051157939913259017,5288.932025480865,2
2137,Turkiye,2019,0.69,0.69,0.72,0.59,0.48,0.88,93.5,3.02817669225913,0.049368197862970274,5311.405397220579,2
2138,Turkiye,2020,0.69,0.7,0.71,0.58,0.48,0.88,93.5,3.15277011329118,0.05160719191127672,4801.469225643464,2
2139,Turkiye,2021,0.68,0.68,0.73,0.63,0.47,0.88,93.5,3.28362739970141,0.051946071858096736,5309.835346257845,2
2140,Turkiye,2022,0.69,0.68,0.72,0.64,0.48,0.85,93.5,3.66403554879462,0.04637152323965486,5686.326287729313,2
2141,Turkiye,2023,0.7,0.71,0.71,0.67,0.48,0.85,93.5,4.51829098986852,0.05499783627405629,7269.6291388001655,2
2142,Uganda,2010,0.32,0.25,0.21,0.15,0.6,0.71,84.0,2.57100611671004,0.023434392252433003,368.8064316189485,1
2143,Uganda,2011,0.34,0.22,0.21,0.14,0.62,0.71,84.0,22.5560353478091,0.01933051960270985,382.5200980504155,1
2144,Uganda,2012,0.33,0.17,0.21,0.16,0.65,0.72,84.0,21.8946155610075,0.020348598176530907,353.4298093196528,1
2145,Uganda,2013,0.3,0.24,0.21,0.17,0.5,0.72,84.0,2.10858762499599,0.01725332317728426,364.44214398611524,1
2146,Uganda,2014,0.21,0.19,0.21,0.17,0.49,0.73,84.0,2.67852875134755,0.02322826432143616,394.6758645405774,1
2147,Uganda,2015,0.19,0.14,0.2,0.17,0.43,0.73,84.0,2.30542251177894,0.021960506754155902,382.2697845055024,1
2148,Uganda,2016,0.3,0.18,0.2,0.16,0.41,0.74,84.0,2.05103990718418,0.022263600196010473,334.44127498443777,1
2149,Uganda,2017,0.22,0.2,0.21,0.18,0.38,0.74,84.0,2.05387568901074,0.018347174887768675,332.7054480638861,1
2150,Uganda,2018,0.26,0.19,0.23,0.18,0.33,0.74,86.0,3.47828668335427,0.023696205495100597,343.3158452329944,1
2151,Uganda,2019,0.23,0.16,0.24,0.19,0.29,0.73,86.0,3.1241230157024,0.017112268215495822,353.51806410809934,1
2152,Uganda,2020,0.2,0.16,0.23,0.2,0.31,0.73,86.0,2.10287202929438,0.016057606300841853,362.3094723898733,1
2153,Uganda,2021,0.19,0.19,0.24,0.21,0.3,0.73,85.5,2.34793469732292,0.01756704882257992,369.4164281978496,1
2154,Uganda,2022,0.19,0.12,0.23,0.21,0.34,0.73,85.0,2.39571486308791,0.01868734287451343,401.1381543693737,1
2155,Uganda,2023,0.18,0.11,0.22,0.23,0.31,0.74,85.0,1.40810780488794,0.016419945798379208,426.1069795758751,1
2156,Ukraine,2010,0.7,0.62,0.65,0.48,0.65,0.89,60.6666666667,4.51422667582385,0.03879992658944339,1686.6713411825142,1
2157,Ukraine,2011,0.7,0.59,0.64,0.48,0.64,0.88,64.6666666667,4.51422667582385,0.03879992658944339,1956.3463784478174,1
2158,Ukraine,2012,0.7,0.57,0.63,0.48,0.68,0.88,65.6666666667,6.47193610653839,0.04382094680936942,2152.5058371018094,1
2159,Ukraine,2013,0.73,0.7,0.62,0.53,0.56,0.88,65.6666666667,6.14613032578564,0.046041330490271606,2339.2850985987966,1
2160,Ukraine,2014,0.68,0.66,0.62,0.49,0.62,0.89,65.6666666667,6.88754342926587,0.04397060360718157,1572.7759369548041,1
2161,Ukraine,2015,0.68,0.66,0.62,0.53,0.57,0.86,65.6666666667,8.03896421995305,0.045856914991525034,1017.3510458816396,1
2162,Ukraine,2016,0.69,0.65,0.57,0.5,0.52,0.86,65.6666666667,6.67894123051556,0.05198234567531868,1021.5062758698654,1
2163,Ukraine,2017,0.64,0.73,0.57,0.44,0.54,0.83,65.6666666667,6.16592909585636,0.05341737184121975,1257.1491899645262,1
2164,Ukraine,2018,0.66,0.76,0.59,0.41,0.54,0.82,75.3333333333,5.42495174066934,0.061012511315862356,1486.198497613508,1
2165,Ukraine,2019,0.64,0.72,0.63,0.45,0.53,0.8,77.3333333333,5.48014872729842,0.06562260689144554,1864.9626091761304,1
2166,Ukraine,2020,0.64,0.75,0.61,0.45,0.55,0.79,77.3333333333,5.85239384495226,0.05911708141152633,1955.6182967557909,1
2167,Ukraine,2021,0.62,0.75,0.6,0.44,0.54,0.77,78.3333333333,4.51050792257841,0.05349370149185593,2340.687418898029,1
2168,Ukraine,2022,0.65,0.78,0.57,0.43,0.58,0.77,79.3333333333,5.73613565623019,0.055597075298380344,2435.5286082120397,1
2169,Ukraine,2023,0.63,0.74,0.57,0.46,0.54,0.78,79.3333333333,6.68812192869261,0.0534760016746775,2939.8554473286345,1
2170,United Arab Emirates,2010,0.61,0.49,0.49,0.29,0.75,0.9,62.5,3.76665999323128,0.016090056334015595,21953.48452653629,1
2171,United Arab Emirates,2011,0.63,0.5,0.49,0.31,0.73,0.89,64.5,3.76665999323128,0.016090056334015595,22637.33039304118,1
2172,United Arab Emirates,2012,0.65,0.48,0.49,0.35,0.8,0.9,66.5,3.76665999323128,0.016090056334015595,23390.747091784317,2
2173,United Arab Emirates,2013,0.62,0.58,0.48,0.31,0.68,0.89,69.5,3.60738438587124,0.008795523611385782,24695.69556286124,2
2174,United Arab Emirates,2014,0.6,0.57,0.48,0.4,0.69,0.9,73.5,10.1695189703589,0.009874789190110204,25642.49194178206,2
2175,United Arab Emirates,2015,0.58,0.51,0.48,0.41,0.66,0.9,74.5,5.3019976880201,0.011736471476119465,25654.989968122463,2
2176,United Arab Emirates,2016,0.66,0.52,0.48,0.41,0.62,0.91,74.5,2.61902840521391,0.012145951762699201,25369.614795564794,2
2177,United Arab Emirates,2017,0.65,0.74,0.49,0.41,0.69,0.9,78.0,2.84060044002548,0.01750817154744268,25292.91357539646,2
2178,United Arab Emirates,2018,0.7,0.74,0.57,0.44,0.71,0.9,78.0,2.90326432456259,0.01635615789463507,25241.16041645603,2
2179,United Arab Emirates,2019,0.73,0.81,0.67,0.46,0.66,0.89,79.0,2.99865577867219,0.015568646205336708,25633.00919990345,2
2180,United Arab Emirates,2020,0.77,0.87,0.72,0.47,0.69,0.9,86.0,5.37704492826553,0.016166105462821066,22307.02502480247,2
2181,United Arab Emirates,2021,0.76,0.82,0.79,0.5,0.66,0.88,86.5,8.95796265725262,0.013717474529928934,23704.195293694866,2
2182,United Arab Emirates,2022,0.73,0.76,0.71,0.53,0.65,0.87,87.0,9.2877602243891,0.014521414469908456,25342.21765874443,2
2183,United Arab Emirates,2023,0.74,0.81,0.7,0.56,0.63,0.87,87.0,8.96029397394575,0.013819573364099166,26837.21342066203,2
2184,United Kingdom,2010,1.0,0.92,0.79,0.78,0.91,0.98,82.5,23.3036586296348,0.04145043892573333,28243.502528064513,2
2185,United Kingdom,2011,1.0,0.92,0.79,0.78,0.9,0.97,83.5,23.3057218186911,0.039351535081592545,29741.62678686289,2
2186,United Kingdom,2012,1.0,0.85,0.76,0.78,0.9,0.96,83.5,23.460196722755,0.03730310730685803,30101.663518354755,2
2187,United Kingdom,2013,1.0,0.9,0.75,0.77,0.86,0.95,83.5,23.5876424891453,0.03850391137645708,30551.471024231432,2
2188,United Kingdom,2014,1.0,0.83,0.83,0.77,0.89,0.94,92.5,22.2044750130662,0.042691247492068506,33495.75100451594,2
2189,United Kingdom,2015,0.98,0.83,0.81,0.76,0.87,0.94,92.5,22.3335907744673,0.044780825504588846,31890.646430821198,2
2190,United Kingdom,2016,0.97,0.82,0.79,0.77,0.86,0.95,92.5,23.5591126028431,0.043406247886528214,29258.80714261283,2
2191,United Kingdom,2017,0.97,0.88,0.81,0.77,0.86,0.95,92.5,22.6194649609659,0.043421449100462466,28973.059644215962,2
2192,United Kingdom,2018,0.97,0.88,0.84,0.76,0.85,0.95,93.5,22.3331118559009,0.04292096199624948,30920.031975760987,2
2193,United Kingdom,2019,0.96,0.89,0.89,0.76,0.83,0.95,93.5,23.0942001089205,0.04199359750016804,30632.374933403673,2
2194,United Kingdom,2020,0.95,0.88,0.86,0.75,0.84,0.95,95.5,23.0073604990707,0.04279756475545193,29429.877332296837,2
2195,United Kingdom,2021,0.94,0.86,0.88,0.75,0.83,0.94,95.5,23.8654057182193,0.045387993190086066,34418.231225914096,2
2196,United Kingdom,2022,0.96,0.87,0.87,0.75,0.81,0.93,95.5,27.1597708192348,0.04165406004222298,34108.661788232945,2
2197,United Kingdom,2023,0.96,0.89,0.86,0.76,0.82,0.93,95.5,28.8917146113567,0.04433269268869852,36171.3792309423,2
2198,United States,2010,0.96,0.59,0.8,1.0,0.86,0.98,85.5,22.6194775165319,0.06149260882572182,37103.230344648655,2
2199,United States,2011,0.96,0.59,0.79,1.0,0.85,0.97,86.5,20.624916162211,0.05842951071146132,37969.62389888174,2
2200,United States,2012,0.97,0.56,0.77,0.99,0.86,0.97,86.5,20.174250704896,0.05803271281011184,39383.08341654946,2
2201,United States,2013,0.99,0.68,0.76,0.98,0.81,0.97,86.5,20.188635370966,0.059306417497441206,40318.2288074218,2
2202,United States,2014,0.97,0.64,0.77,0.98,0.83,0.97,86.5,20.4843982208576,0.060262310591400026,41684.99314471989,2
2203,United States,2015,0.96,0.64,0.76,0.97,0.8,0.97,84.5,21.3904480368657,0.06506447379340469,43415.41361258783,2
2204,United States,2016,1.0,0.79,0.75,0.96,0.79,0.99,84.5,22.4192942002286,0.0674716257980912,44634.76905771958,2
2205,United States,2017,1.0,0.9,0.76,0.95,0.8,0.99,84.5,19.2659699620243,0.06512084567653277,45938.66882118836,2
2206,United States,2018,1.0,0.91,0.8,0.93,0.78,0.98,86.5,18.4842699258676,0.06396353419095656,47959.61528906726,2
2207,United States,2019,1.0,0.92,0.85,0.93,0.78,0.98,86.5,18.6853939276571,0.06410990243143384,49972.03200943818,2
2208,United States,2020,1.0,0.95,0.82,0.92,0.81,0.98,88.5,19.4939761609452,0.06844091796850828,49629.76616161062,2
2209,United States,2021,1.0,0.92,0.85,0.9,0.82,0.98,88.5,19.9014614131792,0.06759447886333611,54478.56510947192,2
2210,United States,2022,1.0,0.93,0.8,0.9,0.79,0.97,88.5,20.5789833007379,0.06619475591563809,54478.56510947192,2
2211,United States,2023,1.0,0.93,0.8,0.91,0.79,0.98,88.5,21.8459878355521,0.07084818899717195,54478.56510947192,2
2212,Uruguay,2010,0.52,0.45,0.51,0.26,0.59,0.77,49.0,7.26032715676365,0.023352900065905794,7362.691651899096,1
2213,Uruguay,2011,0.55,0.5,0.52,0.28,0.59,0.77,49.0,6.69748723624433,0.026767542390417353,8820.748600830942,1
2214,Uruguay,2012,0.55,0.47,0.52,0.31,0.6,0.77,49.0,9.90398875283763,0.022103334849940582,9648.288978387965,1
2215,Uruguay,2013,0.51,0.5,0.51,0.26,0.44,0.78,55.0,9.20466594994821,0.022243327622165205,10836.662056569638,1
2216,Uruguay,2014,0.45,0.5,0.52,0.26,0.49,0.79,55.0,8.55345463207328,0.02484891244288255,10827.758777084253,1
2217,Uruguay,2015,0.47,0.5,0.52,0.27,0.49,0.8,60.3333333333,14.742597869668,0.028539905320792393,10160.021791060468,1
2218,Uruguay,2016,0.55,0.5,0.51,0.26,0.43,0.8,60.3333333333,10.5960535494658,0.029873881837670698,10804.42203300351,1
2219,Uruguay,2017,0.48,0.56,0.53,0.27,0.44,0.79,60.3333333333,8.49114263279873,0.03018759717165026,12538.92929554299,1
2220,Uruguay,2018,0.56,0.74,0.57,0.25,0.43,0.79,60.3333333333,7.63670382159395,0.023608495461526,12460.631182887193,1
2221,Uruguay,2019,0.62,0.77,0.6,0.29,0.56,0.79,60.3333333333,8.29802507186468,0.023007348594372885,11883.846735993284,1
2222,Uruguay,2020,0.63,0.81,0.59,0.29,0.62,0.79,63.8333333333,9.8025032036597,0.023085357741179903,10182.360159155984,1
2223,Uruguay,2021,0.61,0.76,0.62,0.31,0.6,0.78,67.3333333333,8.60373400525292,0.022066838821966354,11333.319140104513,1
2224,Uruguay,2022,0.67,0.84,0.64,0.33,0.6,0.79,70.8333333333,9.55160023287408,0.021954018126204348,13275.456346699282,1
2225,Uruguay,2023,0.67,0.89,0.62,0.29,0.61,0.8,70.8333333333,10.7072308737214,0.025668557166408264,15112.795920441542,2
2226,Uzbekistan,2010,0.41,0.36,0.39,0.12,0.66,0.69,14.8333333333,1.5432836613328,0.022963546443842974,698.8206595033816,1
2227,Uzbekistan,2011,0.41,0.36,0.39,0.08,0.64,0.69,14.8333333333,1.5432836613328,0.022963546443842974,819.6961264188468,1
2228,Uzbekistan,2012,0.41,0.34,0.38,0.11,0.67,0.69,16.8333333333,1.5432836613328,0.022963546443842974,908.8076470670858,1
2229,Uzbekistan,2013,0.37,0.38,0.38,0.12,0.52,0.7,16.8333333333,1.5432836613328,0.022963546443842974,997.2321703346397,1
2230,Uzbekistan,2014,0.32,0.4,0.37,0.12,0.56,0.7,16.8333333333,1.5432836613328,0.022963546443842974,1053.793985206575,1
2231,Uzbekistan,2015,0.31,0.41,0.37,0.09,0.52,0.71,16.8333333333,1.5432836613328,0.022963546443842974,1097.6463889779313,1
2232,Uzbekistan,2016,0.41,0.42,0.36,0.1,0.45,0.72,16.8333333333,1.5432836613328,0.022963546443842974,1074.3673619176395,1
2233,Uzbekistan,2017,0.33,0.44,0.37,0.11,0.42,0.75,17.5,1.5432836613328,0.022963546443842974,877.5075365451772,1
2234,Uzbekistan,2018,0.41,0.48,0.4,0.19,0.38,0.78,18.5,0.453823633941083,0.024910229313661228,685.5029620951341,1
2235,Uzbekistan,2019,0.44,0.54,0.43,0.27,0.36,0.8,25.5,0.72493510820114,0.028402096020137657,786.901654866231,1
2236,Uzbekistan,2020,0.45,0.55,0.42,0.32,0.41,0.81,27.5,1.30490782664246,0.02462165878453821,767.7010226430857,1
2237,Uzbekistan,2021,0.45,0.61,0.41,0.3,0.44,0.81,36.25,0.308087494427371,0.028651745330558177,883.3525229484137,1
2238,Uzbekistan,2022,0.5,0.63,0.4,0.38,0.49,0.81,45.0,1.41210240735451,0.028572650710368547,1071.190608855514,1
2239,Uzbekistan,2023,0.48,0.7,0.4,0.35,0.4,0.83,45.0,2.82239070122292,0.03859457703816675,1265.3887014616867,1
2240,Viet Nam,2010,0.55,0.65,0.32,0.22,0.67,0.91,28.1666666667,13.1303195968336,0.058093076198504554,683.8244158313886,1
2241,Viet Nam,2011,0.57,0.65,0.32,0.26,0.69,0.89,47.1666666667,18.8147980828908,0.06461075064926046,759.0466894641985,1
2242,Viet Nam,2012,0.58,0.59,0.32,0.34,0.75,0.89,51.1666666667,27.1630278606772,0.0935411497102368,854.7926900744524,1
2243,Viet Nam,2013,0.55,0.63,0.31,0.28,0.69,0.89,52.1666666667,33.5956426471693,0.1020851755167557,956.5957690093618,1
2244,Viet Nam,2014,0.48,0.59,0.31,0.26,0.73,0.89,53.1666666667,32.0548869012837,0.09708973327231056,1042.0725029291102,1
2245,Viet Nam,2015,0.49,0.59,0.31,0.29,0.7,0.91,53.1666666667,36.3691117529912,0.11108226546402468,1087.5538524231977,3
2246,Viet Nam,2016,0.61,0.62,0.31,0.37,0.67,0.93,53.1666666667,38.0569617054575,0.12987813326634315,1172.0962021143548,3
2247,Viet Nam,2017,0.55,0.69,0.32,0.35,0.69,0.93,53.1666666667,41.7381332957129,0.13478474614412184,1258.7330160013696,3
2248,Viet Nam,2018,0.61,0.73,0.34,0.4,0.7,0.93,56.1666666667,40.7501595675465,0.13526678119218685,1358.8777174698519,3
2249,Viet Nam,2019,0.59,0.71,0.37,0.39,0.7,0.93,65.1666666667,40.4334300320093,0.1585542137901188,1461.3063898254916,3
2250,Viet Nam,2020,0.62,0.72,0.36,0.43,0.77,0.92,68.8333333333,41.7401040421189,0.1861464033940781,1478.3297478110621,3
2251,Viet Nam,2021,0.65,0.72,0.37,0.46,0.89,0.93,69.8333333333,41.5396346544198,0.17822464897067644,1528.2554380669942,3
2252,Viet Nam,2022,0.61,0.7,0.34,0.48,0.78,0.93,70.8333333333,42.689178907016,0.17787847449954675,1706.1821251679378,3
2253,Viet Nam,2023,0.6,0.7,0.34,0.46,0.77,0.94,70.8333333333,44.256885251682,0.17914939243921416,1828.527639887876,3
2254,"Yemen, Rep.",2010,0.25,0.34,0.2,0.06,0.37,0.65,13.0,0.572957457921701,0.011213269548206393,383.1293677121027,1
2255,"Yemen, Rep.",2011,0.28,0.34,0.2,0.08,0.41,0.63,13.0,0.665766117538007,0.009419339045510216,393.20719759652144,1
2256,"Yemen, Rep.",2012,0.27,0.31,0.2,0.06,0.44,0.63,13.0,0.673180049359238,0.009419991115252498,488.82199163371126,1
2257,"Yemen, Rep.",2013,0.24,0.34,0.18,0.1,0.26,0.65,13.0,3.30195509334737,0.01150427956137172,542.1328001803981,1
2258,"Yemen, Rep.",2014,0.14,0.35,0.17,0.1,0.25,0.65,13.0,1.45096412341169,0.02935533664532997,549.6860190057079,1
2259,"Yemen, Rep.",2015,0.11,0.33,0.15,0.05,0.13,0.65,13.0,4.82928415383478,0.021928635624604412,571.1309179883784,1
2260,"Yemen, Rep.",2016,0.25,0.33,0.14,0.09,0.2,0.66,13.0,4.82928415383478,0.02363581597555796,438.9782458973074,1
2261,"Yemen, Rep.",2017,0.15,0.25,0.14,0.12,0.25,0.66,13.0,4.82928415383478,0.0253429963265115,349.7333375435486,1
2262,"Yemen, Rep.",2018,0.22,0.23,0.14,0.14,0.34,0.65,13.0,4.82928415383478,0.027050176677465045,265.04004132820535,1
2263,"Yemen, Rep.",2019,0.2,0.22,0.15,0.18,0.32,0.65,13.0,4.82928415383478,0.02875735702841859,265.04004132820535,1
2264,"Yemen, Rep.",2020,0.12,0.09,0.15,0.17,0.28,0.64,13.0,4.82928415383478,0.02875735702841859,265.04004132820535,1
2265,"Yemen, Rep.",2021,0.1,0.03,0.15,0.22,0.32,0.64,14.0,4.82928415383478,0.02875735702841859,265.04004132820535,1
2266,"Yemen, Rep.",2022,0.13,0.0,0.15,0.23,0.39,0.64,15.0,4.82928415383478,0.02875735702841859,265.04004132820535,1
2267,"Yemen, Rep.",2023,0.11,0.03,0.15,0.23,0.3,0.65,15.0,4.82928415383478,0.02875735702841859,265.04004132820535,1
2268,Zambia,2010,0.28,0.28,0.24,0.09,0.41,0.72,57.1666666667,0.521350955025196,0.018712312834480948,766.2777316451345,1
2269,Zambia,2011,0.31,0.26,0.24,0.1,0.48,0.72,61.6666666667,1.59556479854664,0.020277029657303082,818.6998649062502,1
2270,Zambia,2012,0.32,0.15,0.24,0.11,0.57,0.74,61.6666666667,4.08749617202127,0.021250651192302916,909.6380349106914,1
2271,Zambia,2013,0.24,0.17,0.23,0.09,0.34,0.74,63.6666666667,1.26239347130831,0.02025938136759452,967.48691946945,1
2272,Zambia,2014,0.17,0.21,0.23,0.15,0.27,0.75,63.6666666667,1.63736199657177,0.024684314000977415,913.7168973463564,1
2273,Zambia,2015,0.23,0.36,0.23,0.09,0.32,0.77,67.6666666667,4.2533845527155,0.022213201865947472,728.5479157392218,1
2274,Zambia,2016,0.34,0.36,0.23,0.12,0.4,0.75,67.6666666667,22.5255637247844,0.02088947860138741,671.3674605879963,1
2275,Zambia,2017,0.23,0.34,0.23,0.14,0.26,0.75,72.6666666667,4.48475826872894,0.016081354044104185,772.794953403802,1
2276,Zambia,2018,0.27,0.32,0.25,0.15,0.2,0.75,72.6666666667,2.14275391250791,0.020194789930765202,794.0858513164303,1
2277,Zambia,2019,0.27,0.37,0.27,0.15,0.22,0.74,75.6666666667,2.1996059285433,0.020995468814472267,687.4537909331177,1
2278,Zambia,2020,0.24,0.38,0.25,0.17,0.18,0.73,76.3333333333,1.3612623275557,0.014473094943298896,510.8973688300935,1
2279,Zambia,2021,0.21,0.36,0.27,0.16,0.16,0.7,76.3333333333,0.953120510576897,0.013023540457480848,574.1404114880236,1
2280,Zambia,2022,0.22,0.37,0.26,0.18,0.15,0.72,76.3333333333,0.716710301849432,0.014248472830879285,803.6535596840322,1
2281,Zambia,2023,0.2,0.31,0.26,0.18,0.16,0.72,76.3333333333,1.16356588883727,0.014425353449698622,756.0764801217914,1
2282,Zimbabwe,2010,0.31,0.28,0.22,0.11,0.5,0.72,48.3333333333,1.94905108314283,0.0170436423300743,521.6542477891743,1
2283,Zimbabwe,2011,0.33,0.28,0.22,0.13,0.47,0.75,53.3333333333,2.77520048248044,0.016343713050164417,600.8271606681777,1
2284,Zimbabwe,2012,0.34,0.26,0.22,0.15,0.5,0.77,55.3333333333,6.22081440528409,0.016632478886118556,682.629695842787,1
2285,Zimbabwe,2013,0.29,0.31,0.22,0.15,0.3,0.76,56.3333333333,2.93957400665262,0.01617653448689926,794.983776001498,1
2286,Zimbabwe,2014,0.22,0.32,0.21,0.17,0.33,0.76,67.3333333333,1.46177058636279,0.016536733280890403,790.6817868120318,1
2287,Zimbabwe,2015,0.25,0.43,0.2,0.16,0.26,0.76,67.3333333333,3.27682760139305,0.01717973107875461,813.5627073883467,1
2288,Zimbabwe,2016,0.34,0.42,0.2,0.15,0.24,0.76,69.3333333333,5.16438263725404,0.014964744372498107,850.6506786781143,1
2289,Zimbabwe,2017,0.27,0.46,0.21,0.17,0.31,0.76,69.3333333333,2.58586852030626,0.017111048960897244,1893.0545639404997,1
2290,Zimbabwe,2018,0.28,0.46,0.22,0.18,0.22,0.66,69.3333333333,2.06369292021293,0.013356665534493264,1271.3528326310065,1
2291,Zimbabwe,2019,0.27,0.43,0.24,0.17,0.28,0.64,70.3333333333,4.94971446176859,0.01500777802687745,758.7147176072045,1
2292,Zimbabwe,2020,0.25,0.48,0.24,0.2,0.22,0.64,70.3333333333,2.38386758382921,0.016636227792564233,720.3701163056371,1
2293,Zimbabwe,2021,0.23,0.44,0.25,0.19,0.21,0.66,70.3333333333,1.05374010425564,0.016167726681684633,984.7550959386563,1
2294,Zimbabwe,2022,0.24,0.39,0.25,0.21,0.22,0.68,70.3333333333,1.47693113776014,0.0217124133945873,726.9490434297011,1
2295,Zimbabwe,2023,0.22,0.36,0.25,0.19,0.2,0.69,70.3333333333,1.94218828246376,0.021268366284264317,1088.029299241519,1
